LearDia;LearHou;SharHou;CollMem;CollExp;CourCom;UnitKerja
0;15.09;0;0;6;0;2
0;57.07;0;3;14;0;7
0;114.07;2.75;4;264;0;5
0;4.06;0;0;2;0;6
8;76.03;5.42;7;348;21;2
0;156.96;0;0;612;0;2
73;66.96;127.34;267;36;54;2
0;5.69;0;0;1;0;2
2592;288.36;1326.07;1813;2326;845;1
1323;361.17;1180.16;1368;1461;1218;2
150;198.7;1;2;519;7;2
0;31.8;0;0;122;0;2
0;43.08;6;2;0;42;3
66;39.26;3;3;6;100;2
0;11.06;0.25;5;24;2;2
669;219.51;135.58;464;841;1240;2
1;31.65;0;0;27;54;2
1;77.56;19.25;78;438;0;2
0;45.27;0;0;15;4;2
0;15.8;0;0;18;22;1
43;9.89;1.42;30;111;35;2
35;11.57;46.9;30;46;52;2
0;8.68;1.67;10;72;0;2
0;57.21;1.5;2;11;5;4
0;21.52;0;0;4;0;1
2;43.91;1.67;5;20;3;4
0;4.78;0;0;5;25;2
1105;676.74;1579.54;1116;1370;1097;2
0;52.6;33.75;109;341;2;2
0;126.66;0.75;2;57;1;2
0;74.55;0;0;106;0;7
7;381.05;5;13;1136;2;2
5;42.12;0;0;12;20;2
0;35.69;0;0;0;2;5
0;11.38;0;0;2;0;1
0;75.63;0;0;3;0;1
0;56.05;58;92;409;23;2
0;81.49;4.25;20;19;12;7
0;97.97;0;0;4;4;5
0;67;0;0;430;0;4
0;102.75;0;0;3;0;4
3;35;0.25;5;26;8;5
0;22.01;0;0;0;0;7
0;331.43;10.33;11;104;5;2
0;0;0;0;0;0;2
30;74.36;19.75;163;392;892;2
7;101.03;0;0;3;15;5
0;14.59;0;0;1;0;7
0;58.81;0;0;1;0;4
1566;325.72;420.18;1362;1798;1640;2
0;24.43;0;5;209;15;7
0;7.6;0;0;0;0;2
0;21.09;3;1;2;2;7
4;475.82;0;0;1139;75;2
0;3.29;0;0;0;0;2
0;18.34;0;0;3;1;5
0;9.77;0;0;1;0;2
0;150.14;0;1;544;7;2
0;53.81;0;0;104;0;5
0;12.77;3;0;1;0;7
0;97.62;0;3;148;6;2
0;53.16;0;0;241;0;5
0;25.06;0;0;3;0;4
0;58.02;0.5;1;1;0;5
0;42.54;0;6;70;0;1
0;11.89;0;0;1;0;5
0;83.46;0;0;495;190;4
0;143.44;0;0;306;146;2
0;44.49;0;0;2;0;5
0;56.17;0;1;5;0;2
0;77.75;0;1;135;97;7
0;100.31;0;0;706;0;7
1;45.94;2;1;68;0;6
5;24.05;0;0;1;10;5
0;120.5;29.25;30;729;15;2
0;18.24;0;13;3;1;2
0;37.13;0.5;2;18;2;2
0;13.36;1;1;8;25;2
9;169.25;1.25;4;15;1;2
0;144.02;0;0;840;0;2
0;30.6;0;0;2;38;7
0;30.5;2;2;101;200;7
0;9.32;0;0;5;0;4
0;31.03;0;0;8;0;6
37;40.92;14;11;18;21;1
0;11;0;0;2;0;1
0;28.25;1.5;3;8;0;1
0;210.65;0;0;693;61;2
0;1.5;0;0;1;0;4
0;29.5;0;0;3;0;2
0;19.49;0;0;69;0;2
0;344.7;16.42;13;292;735;7
0;3.04;0;0;5;0;2
8;192.08;0;0;412;232;2
0;2.56;0;0;0;0;1
0;54.72;0;0;9;26;1
0;28.26;0;0;7;1;2
0;0;0;0;0;0;4
0;72.29;1.5;1;34;98;3
1;15.76;0;0;5;4;2
0;0;0;0;0;0;7
0;0;0;0;0;0;1
0;5.64;0;0;2;0;6
0;355.04;7;10;1283;1762;2
57;154.06;12;31;644;362;2
0;8.05;0;0;3;1;6
0;5.06;0;0;1;0;5
0;10.43;0;0;2;0;6
0;50.41;16;6;10;1;2
7;181.58;0;6;825;121;2
0;0;0;0;0;0;6
0;0;0;0;0;0;6
0;0;0;0;0;0;6
0;3.84;0;0;2;0;7
0;11.86;0;0;4;7;6
0;16.25;0;0;0;0;6
1;44.6;0;3;65;6;4
0;0;0;0;0;0;7
0;0;0;0;0;0;6
0;137.52;0;0;1335;0;2
0;0;0;0;0;0;7
0;4.54;0;0;1;0;2
1;37.46;5;4;74;10;3
0;25.49;0;0;5;0;6
0;40.76;0;0;12;0;6
0;76.87;0;0;39;0;2
0;55.85;0;0;8;0;2
8;220.85;18;8;210;11;7
3;98.73;68.75;77;82;55;1
0;199.64;0;1;162;0;5
0;11.19;0;0;4;0;6
0;89.68;0;0;34;0;2
307;295.08;392.39;1229;1246;73;6
0;43.83;24;105;212;546;5
0;140.92;0.08;1;1087;0;6
0;4.16;0;0;3;0;6
0;10.5;0;0;5;0;6
0;91.79;0;0;92;0;2
0;235.37;0;0;194;6;6
0;8.42;0;0;7;0;6
0;12;0;0;7;0;6
504;406.49;254.08;481;1628;1367;6
3;86.37;12.55;55;98;1246;7
0;1.54;0;0;2;0;6
0;2.98;0;0;2;0;7
0;7.44;0;0;3;0;6
0;424.27;0;0;310;11;1
0;2.58;0;0;1;0;6
0;14.96;0;0;5;8;6
0;37.06;0;0;28;0;6
94;79.52;19.08;111;1200;8;6
0;0;0;0;0;0;4
0;48.8;6;14;285;227;6
0;1.09;0;0;4;0;6
0;0.05;0;0;0;8;6
0;184.23;55.75;150;1529;1250;5
0;41.6;0;0;34;26;4
0;0.54;0;0;10;0;4
0;92.18;13.15;59;159;148;1
0;76.04;0;0;2;299;1
0;58.85;19.25;27;135;65;5
0;6.88;0;0;29;0;7
0;60.6;0;0;8;11;4
0;13.27;0;0;0;0;1
0;117.74;0;0;316;10;7
0;84.72;0;5;244;0;6
6;34.9;10;5;10;37;2
315;579.33;0;2;1217;19;2
0;0;0;1;0;0;3
1;280.15;3.25;10;437;8;4
133;124.58;26;26;114;164;2
0;1.5;0;0;1;0;2
0;2.8;0;0;1;0;2
0;0;0;0;0;0;2
20;42.19;8.03;33;445;12;4
1522;1207.76;1417.44;1324;1550;895;2
0;74.51;0;0;8;0;1
0;107.78;0;0;14;0;2
0;2.53;0;0;9;0;6
0;58.18;0;0;11;145;6
0;32.01;0;0;3;2;6
0;9.13;0;0;32;18;6
3;47.31;3.5;8;4;119;1
132;101.14;28.34;46;659;661;7
0;63.02;0;0;0;0;6
0;0;0;0;0;0;6
0;9.4;0;0;32;0;6
0;52.46;0;0;3;0;6
0;182.55;0;0;200;590;4
0;0;0;0;0;0;2
0;7.75;0;0;4;0;2
0;0;0;0;0;0;3
0;0.04;0;1;0;3;7
0;2.19;0;0;1;0;1
0;0;0;0;0;0;7
21;350.63;36.74;61;1101;81;4
0;92.22;7;6;39;4;5
0;107.7;10.43;35;59;207;1
0;7.71;0;0;2;28;6
6;116.11;77.75;245;221;419;7
583;101;22.15;374;336;739;2
0;42.93;0;0;256;23;4
137;93.06;37.85;77;620;689;2
0;159.32;6.5;4;936;15;2
0;135.67;0;0;691;0;2
0;0;0;0;0;0;6
0;16.3;0;2;6;0;6
0;79.64;0.5;1;29;100;1
0;24;0;0;1;0;1
0;22.71;0;0;1;0;1
181;120.49;22.5;156;469;283;4
0;5.17;0;0;3;0;1
0;1.91;0;0;0;1;1
1;29.68;0;0;7;47;4
0;45.38;0;0;6;1;4
0;79.76;0;3;244;104;2
0;58.25;0;0;11;0;4
0;0;0;0;0;0;6
0;34.82;0;0;2;0;4
0;115.92;0;0;1100;0;2
0;17.38;0;0;0;0;6
0;0;0;0;0;0;6
300;271.26;45.66;297;1364;590;2
1;57.54;75.5;50;22;6;2
0;18.18;0;0;0;0;6
0;33.97;0;0;6;1;6
0;17.42;0;0;5;1;6
444;310.88;88.41;390;1249;1238;2
104;146.24;16.27;122;819;159;2
0;20.5;0;0;6;0;5
5;171.06;15;14;484;36;2
0;101.48;0;0;46;1;2
0;12.99;0;0;2;0;2
0;24.33;4;3;12;0;2
0;72.54;0;0;0;0;5
268;264.17;60.63;252;1353;769;7
0;60.85;0.5;1;27;0;2
1534;366.69;298.55;1399;2848;582;7
0;3;0;0;2;0;6
0;62.12;3;5;30;0;1
0;15.71;0;0;5;9;1
1;117.19;1.5;3;144;0;2
11;106.01;29.17;32;109;57;6
2;9.5;0;1;9;0;2
22;57.92;5.5;22;36;346;7
0;123.52;4.75;19;54;81;3
317;165.88;36.12;294;1015;519;7
0;14.42;0;9;8;3;1
0;7.78;0;0;3;0;6
323;412.15;39.79;309;2381;683;7
0;7.58;0;0;3;0;6
0;1.5;0;0;1;0;4
0;49.08;0;0;9;1;1
0;24.59;0;0;80;0;7
0;100.46;0;0;125;16;2
0;145.08;8;4;265;6;1
0;21.94;0;1;6;0;6
0;21.39;0;0;45;0;2
0;3.08;0;0;23;0;2
0;1.02;0;0;2;0;2
971;141.39;212;844;1630;876;7
0;0;0;0;0;0;6
733;181.66;110.5;533;887;1037;6
60;784.31;13.5;55;764;117;2
0;1.5;0;0;1;0;6
1198;315.45;478.25;1161;1279;1064;1
1549;608.01;762.76;1408;2329;2196;7
1505;303.15;374.5;1230;1970;2272;7
790;274.76;193.5;753;1739;1631;7
0;0.01;0;0;0;0;7
0;2.62;0;0;0;0;6
0;6.15;0;0;3;0;2
1434;748.23;424.84;1243;3836;2218;7
0;67.12;0;6;38;19;6
1257;296.35;198.23;782;1966;2341;7
0;6.73;0;0;1;0;5
0;0;0;0;0;0;6
0;0;0;0;0;0;6
0;30.18;0;0;116;0;4
37;51.23;1.47;7;348;139;7
0;9.4;0;0;32;0;6
0;9.57;0;0;1;0;6
88;69.94;12.17;8;83;117;2
0;2.61;0;0;0;0;6
0;84.6;0;0;243;0;7
0;2.58;0;0;1;0;2
1;37.28;1.33;5;63;142;2
0;285.73;1.5;2;353;41;6
0;16.8;0;0;380;0;6
0;0;0;0;0;0;6
0;0;0;0;0;0;6
434;66.84;90.08;355;658;480;7
0;32.37;0;0;14;0;6
0;221.19;0;0;993;0;4
1497;853.84;372.03;1363;3764;2197;2
0;9.29;0;0;61;0;6
25;234.17;5.25;70;561;742;2
0;8.05;0;0;8;0;2
0;27.92;1;1;15;34;6
0;16.57;0;0;6;9;2
0;23.54;2;2;10;13;5
0;14.18;0;0;1;0;2
0;25.81;0;0;1;0;5
230;88.02;206.58;262;997;584;2
1586;367.74;387.46;1336;2654;2194;2
72;20.22;0;1;7;18;2
0;10.08;0;0;3;0;6
1465;382.68;506.67;1322;2593;2405;2
1195;395.93;344.91;1389;1935;2049;2
0;2.23;0;0;1;0;1
0;86.85;0;0;114;1;5
0;26.07;0;0;6;1;1
86;240.64;57.25;137;1630;788;2
1457;510.04;1259.86;1363;1721;2325;2
0;36.71;0;0;212;1;4
0;11.28;0;0;4;0;6
1;0;0;0;0;0;2
0;199.63;0;0;887;0;5
0;3.97;0;0;2;0;6
3;65.69;0;0;171;0;2
0;6.2;0;0;2;0;1
0;172.57;0;2;150;0;5
27;134.27;104.82;64;383;74;6
0;41.79;109.75;118;170;0;2
0;3.5;0;0;2;0;6
1;25.62;3;1;9;5;7
0;3.3;0;0;1;17;6
0;6.91;0;0;3;0;6
0;67.03;0;0;292;0;5
0;46.41;0;0;28;0;1
10;67.88;0;4;64;156;2
0;26.54;2;8;251;3;7
0;13.87;0;0;5;81;2
16;228.91;39.09;38;728;62;4
0;77.09;0;0;1;0;6
0;15.43;0;0;2;3;3
0;6.36;0;0;21;0;2
0;13.86;0;0;0;0;1
0;18.64;0.67;1;18;29;2
5;62.1;13.66;17;22;2;2
0;43.11;0;0;0;0;4
0;34.96;0;1;18;0;4
0;6.29;0;0;18;0;5
0;19.43;0;0;1;0;4
0;10.14;0;0;0;0;7
0;167.28;0;0;387;1;5
0;0;0;0;0;0;5
0;0;0;0;0;0;7
0;0;0;0;0;0;2
0;0;0;0;0;0;7
0;0;0;0;0;0;5
0;0;0;0;0;0;7
221;121;66.56;301;295;985;7
0;0;0;0;0;0;5
0;0;0;0;0;0;7
0;0;0;0;0;0;7
0;0;0;0;0;0;6
0;28.15;0;1;92;0;7
0;36.15;0;1;5;0;6
0;5.52;0;0;95;0;7
0;0.13;0;0;7;0;7
0;0;0;0;0;0;7
0;0;0;0;0;0;7
0;1.61;0;0;0;0;7
0;0;0;0;0;0;7
0;0;0;0;0;0;3
0;0;0;0;0;0;7
0;0;0;0;0;0;5
0;0;0;0;0;0;1
0;1.45;0;0;0;0;7
0;0;0;0;0;0;7
0;0;0;0;0;0;1
0;0;0;0;0;0;5
0;0;0;0;0;0;7
0;0;0;0;0;0;7
0;0;0;0;0;0;6
0;0;0;0;0;0;7
0;0.02;0;0;0;0;6
0;0;0;0;0;0;7
0;0;0;0;0;0;7
0;1.75;0;0;2;1;1
0;0;0;0;0;0;7
0;0;0;0;0;0;7
66;13.61;0;1;4;8;1
0;16.07;0;0;11;0;1
0;10.67;0;0;36;12;7
0;4.25;0;0;119;0;6
0;0;0;0;0;0;7
0;0;0;0;0;0;1
0;0;0;0;0;0;7
0;23.52;0;0;56;71;7
0;0;0;0;0;0;7
0;0;0;0;0;0;7
0;14.54;0;0;11;62;7
0;0;0;0;0;0;7
0;12.16;0;2;130;0;3
0;0;0;0;0;0;7
0;0.02;0;0;5;0;7
1216;142.24;162.39;765;1229;856;7
0;1.99;0;0;0;0;1
0;18.29;0;0;178;0;7
0;0;0;0;0;0;7
0;0;0;0;0;0;7
0;0;0;0;0;0;7
0;12.54;0;0;5;165;6
0;1.39;0.75;2;16;3;7
0;0;0;0;2;0;1
0;12.6;0.5;5;137;29;7
0;3.12;0;0;0;0;7
0;0;0;0;0;0;2
0;0.41;0;0;0;0;7
0;15.75;0;0;11;0;5
0;22.88;0;1;216;0;7
1;40.73;0;10;227;8;7
11;0;0;0;0;0;7
0;7.02;0;0;2;0;6
0;0;0;0;0;0;7
0;0;0;0;0;0;7
0;34.42;0;0;322;0;7
0;0;0;0;0;0;6
0;373.23;0.05;3;322;536;7
0;0;0;0;0;0;7
0;0;0;0;0;0;7
0;0;0;0;0;0;7
0;0;0;0;0;2;7
0;0;0;0;0;0;7
0;0;0;0;0;0;7
0;0.02;0;0;0;0;4
0;0;0;0;0;0;7
0;0;0;0;0;0;7
0;2.43;0;0;0;0;6
0;0;0;0;0;0;7
0;0;0;0;0;0;7
0;0.32;0;0;5;0;7
0;0;0;0;0;0;7
0;0.56;0;0;0;5;7
0;0;0;0;0;0;7
13;35.92;0.12;3;96;40;7
0;0;0;0;0;0;2
0;0;0;0;0;0;7
0;2.42;0;0;0;0;7
2;26.5;0.5;2;67;0;2
0;5.69;0;0;1;0;2
0;0;0;0;0;0;7
0;0;0;0;0;0;5
0;0;0;0;0;0;7
0;67.84;0;0;216;0;4
0;1.97;0;0;23;0;7
0;0;0;0;0;0;7
0;0;0;0;0;0;7
0;0;0;0;0;0;7
0;0;0;0;0;0;7
0;0;0;0;0;0;7
0;0;0;0;0;0;7
0;0;0;0;0;0;7
0;0;0;0;0;0;2
0;0;0;0;0;0;7
0;29.77;0;0;0;0;7
0;0;0;0;0;0;7
0;0;0;0;0;0;7
8;260.23;12.08;144;1596;48;4
0;0;0;0;0;0;7
0;0;0;0;0;0;5
0;0;0;0;0;0;7
0;0;0;0;0;0;7
0;1.96;0;0;0;0;7
0;1.03;0;0;11;0;5
0;0;0;0;0;0;7
0;12.87;0;0;35;0;7
0;2.3;0;0;7;0;7
0;0;0;0;0;0;7
0;13.01;0;0;19;4;3
0;0;0;0;0;0;7
0;0;0;0;0;0;2
0;1.5;0;0;1;0;2
0;0;0;0;0;0;7
0;0;0;0;0;0;7
0;0;0;0;0;0;7
0;0;0;0;0;0;7
0;0;0;0;0;0;7
0;0;0;0;0;0;4
0;0;0;0;0;0;7
0;10.8;0;0;87;0;7
0;0;0;0;0;0;7
0;137.21;1.5;1;38;3;2
0;229.96;0;0;190;1;2
0;0;0;0;0;0;7
0;0.47;0;0;5;1;2
0;281.58;0;0;297;0;6
0;0;0;0;0;0;7
0;7.98;0;0;0;14;7
0;0;0;0;0;0;7
0;0;0;0;0;0;7
0;5.13;0;0;2;0;7
0;0;0;0;0;0;7
0;0;0;0;0;0;4
0;2.01;0;0;5;0;7
0;17.34;0;0;0;0;7
0;0;0;0;0;0;5
0;0;0;0;0;0;5
0;0;0;0;0;0;2
0;0;0;0;0;0;4
0;0;0;0;0;0;7
0;0;0;0;0;0;7
0;0;0;0;0;0;7
0;0.42;0;0;0;1;6
0;0;0;0;0;0;2
0;6.81;0;0;0;0;1
0;0;0;0;0;1;5
0;0;0;0;0;0;7
0;0;0;0;0;0;5
0;0;0;0;0;0;7
0;0;0;0;0;0;6
0;0;0;0;0;0;7
0;0;0;0;0;0;7
0;1.89;0;0;0;0;6
1;34.66;1.25;18;216;7;7
0;0;0;0;0;0;7
0;0;0;0;0;0;7
0;0;0;0;0;0;7
0;2.79;0;0;11;0;7
0;0;0;0;0;0;7
0;0;0;0;0;0;7
94;72.79;2.5;10;236;64;7
0;0;0;0;0;0;7
0;0;0;0;0;0;6
0;0;0;2;0;0;7
0;0;0;0;0;0;7
0;0;0;0;0;0;5
0;0;0;0;0;0;7
0;0;0;0;0;0;5
0;0;0;0;0;0;7
0;0;0;0;0;0;7
0;22.11;0;0;2;33;5
0;38.71;5.25;22;383;471;7
0;0;0;0;0;0;7
0;26.72;0;0;11;0;6
0;0;0;0;0;0;7
0;87.32;0;0;103;1;4
0;0;0;0;0;0;7
0;0;0;0;0;0;7
0;0;0;0;0;0;5
0;0;0;0;0;0;7
0;0;0;0;0;0;7
0;0;0;0;0;0;7
0;1.88;0;0;31;0;5
0;0;0;0;0;0;5
0;0;0;0;0;0;7
0;0;0;0;0;0;5
0;0;0;0;0;0;4
0;7.58;0;0;10;0;4
451;123.99;46.25;133;282;684;7
0;0;0;0;0;0;7
0;10.34;0;0;9;0;2
0;0;0;0;0;0;7
0;0;0;0;0;0;7
0;11.8;0;0;4;3;2
65;74.7;41.75;167;153;47;7
16;0.04;0.58;10;7;0;7
0;0;0;0;0;0;2
0;0;0;0;0;0;7
0;0;0;0;0;0;1
0;0;0;0;0;0;4
0;55.16;0;0;13;0;1
0;0;0;0;0;0;2
0;0;0;0;0;0;5
0;0;0;0;0;0;7
0;0;0;0;0;0;2
0;0;0;0;0;0;7
0;0;0;0;0;0;7
0;0;0;0;0;0;5
0;0;0;0;0;0;7
0;0;0;0;0;0;7
0;0;0;0;0;0;7
0;0;0;0;0;0;7
0;0;0;0;0;0;2
0;0;0;0;0;0;5
0;0;0;0;0;0;7
0;0;0;0;0;0;6
0;0;0;0;0;0;5
0;6.64;0;5;24;0;5
0;0;0;0;0;0;7
0;0;0;0;0;0;7
3;83.25;30.05;113;560;610;7
0;0;0;1;0;0;7
0;0;0;0;0;0;7
0;0;0;0;0;0;7
0;2.46;0;0;1;0;6
8;0.29;0.1;6;7;10;7
0;5.45;0;0;15;1;7
0;6.16;0;0;0;0;6
8;260.23;12.08;144;1596;48;2
0;0;0;0;0;0;7
0;0;0;0;0;0;7
0;0.1;2.6;6;5;0;7
0;0;0;0;0;0;7
0;6.25;0;0;31;7;2
0;0;0;0;0;0;6
0;0;0;0;0;0;4
0;11.11;0;0;0;0;7
0;0;0;0;0;0;2
0;0;0;0;0;0;7
0;0;0;0;0;0;7
0;0;0;0;0;0;7
0;0;0;0;0;0;7
0;0;0;0;0;0;4
0;0;0;0;0;0;7
0;1.41;0.08;2;10;0;6
4;48.74;7.33;13;43;68;7
0;0;0;0;0;0;7
0;0;0;0;0;0;7
0;0;0;0;0;0;7
0;44.82;0;0;3;0;6
5;6.23;0;2;6;0;6
0;1.41;0.08;2;10;0;2
0;0;0;0;0;0;7
0;43.9;0;0;3;47;2
0;0;0;0;0;0;7
0;23.34;0;0;2;0;4
0;2.96;5;9;27;1;2
0;2.01;0;0;0;0;7
0;2.05;0;0;0;0;7
39;21.16;0;8;35;261;7
0;0;0;0;0;0;7
171;68.08;34.67;149;474;113;7
0;0;0;0;0;0;7
10;23.99;1;4;190;62;1
0;0;0;0;0;0;7
0;0.21;2.5;10;14;1;7
0;11.42;21.33;28;50;0;4
0;7.72;0;0;0;1;2
0;0.26;0.25;0;4;0;6
0;8.38;0;0;0;0;2
0;0;0;0;0;0;7
0;0.55;0;0;15;0;5
0;0;0;0;0;0;6
0;0;0;0;0;0;7
0;0;0;0;0;0;7
0;0;0;0;0;0;7
0;47.91;0;1;172;31;2
0;9.45;0;0;0;0;4
0;26;0;0;80;8;6
0;11.9;0;0;11;1;2
0;102.21;107.43;114;539;0;4
346;197.04;15.35;242;814;439;2
0;6.11;0;0;0;0;5
1;160.75;43.5;259;578;837;2
0;174.06;0;0;569;10;2
0;0.03;0;0;0;0;2
0;90.22;0;0;502;1;2
1104;320.77;449.75;1159;1563;2123;2
451;71.28;127.59;134;174;123;2
0;7.86;2.32;45;279;6;2
0;2.97;0;0;0;0;2
0;12.46;0;1;0;5;2
0;31.11;0;0;7;0;3
0;35.18;0;0;69;0;1
0;73.08;0;0;101;10;2
0;42.52;0;0;0;0;6
0;9.62;0;0;0;0;1
0;22.58;0;0;10;0;4
0;127.64;6.58;23;23;30;2
0;402.95;0;0;459;10;2
0;40.1;0;0;214;0;2
0;27.53;0;0;10;0;4
0;6.56;0;0;0;0;7
0;17.07;0;0;0;0;1
1;32.56;5;5;58;0;1
0;0;0;0;0;0;7
0;1.07;0;0;4;0;7
0;0;0;0;0;0;7
66;566.17;3.5;4;1759;24;2
0;18.85;0;1;123;0;7
0;0.72;0;0;0;10;7
0;0.04;0;0;0;1;6
0;0;0;0;0;0;7
12;0;0;0;0;0;7
0;0;0;0;0;0;7
0;13.32;0;0;107;0;1
0;0.17;0.13;9;28;0;5
0;10.33;0;0;0;0;6
0;0;0;0;0;0;7
0;0;0;0;0;0;6
0;0;0;0;0;0;6
0;0;0;0;0;0;7
0;49.16;2;7;214;181;7
0;35.06;0;0;118;265;2
0;0;0;0;0;0;7
0;0;0;0;0;0;6
0;0;0;0;0;0;6
0;0;0;0;0;0;7
0;0;0;0;0;0;7
0;0;0;0;0;0;2
0;0;0;0;0;0;6
0;0;0;0;0;0;7
0;0;0;0;0;0;7
0;0;0;0;0;0;3
0;0;0;0;0;0;2
0;0;0;0;0;0;7
0;17.37;0;0;5;157;7
0;0;0;0;0;0;7
0;0;0;0;0;0;7
0;0;0;0;0;0;7
583;67.04;6.4;188;229;1673;7
0;0;0.22;4;0;0;7
0;0;0;0;0;0;7
0;1.08;0;0;8;0;7
0;0;0;0;0;0;7
0;0;0;0;0;0;7
0;0;0;0;0;0;7
0;0;0;0;0;0;2
0;2.1;0;0;0;1;7
0;0;0;0;0;0;7
0;0;0;0;0;0;7
0;0;0;0;0;0;7
0;0;0;0;0;0;7
0;0.01;0;0;2;0;7
11;205.31;1.42;6;1161;83;2
0;13.93;10.25;43;98;53;7
0;0;0;0;0;0;7
0;0;0;0;0;0;7
0;0;0;0;0;0;7
0;0;0;0;0;0;7
0;0;0;0;0;0;7
0;0;0;0;0;0;6
0;0;0;0;0;0;7
13;9.52;4.02;27;203;10;7
3;0;0;1;0;0;7
0;0;0;0;0;0;7
0;0;0;0;0;0;7
0;1.66;0;0;3;0;7
10;23.99;1;4;190;62;7
0;0.94;0;0;0;1;7
0;0.78;0;0;0;13;7
0;0;0;0;0;0;7
0;0;0.25;5;1;0;7
0;0;0;0;0;0;7
0;0;0;0;0;0;7
0;0;0;0;0;0;7
0;12.39;0;0;22;6;7
0;16.4;0;10;116;1;7
0;0;0;0;0;0;2
0;0;0;0;0;0;7
0;0;0;0;0;0;5
0;0;0;0;0;0;7
0;0;0;0;0;0;7
0;0;0;0;0;0;2
0;0;0;0;0;0;7
0;0;0;0;0;0;7
0;200.82;0;0;121;0;1
0;0;0;0;0;0;7
0;0;0;0;0;0;7
0;6.18;0;0;80;0;7
105;35.78;2.75;106;323;271;7
0;0;0;0;0;0;7
0;0;0;0;0;0;7
20;27.5;10.25;42;230;47;5
0;0;0;0;0;0;2
0;0;0;0;0;0;7
0;0.44;0;2;6;0;7
94;47.06;9.95;77;401;124;7
0;0;0;0;0;0;7
0;0.25;0;0;2;0;7
0;0;0;0;0;0;7
0;0;0;0;0;0;7
0;7.43;0.5;14;68;46;7
0;0;0;0;0;0;7
4;16.81;0;4;0;2;2
0;2.63;0;0;75;4;7
0;0;0;0;0;0;7
0;0;0;0;0;0;7
0;0;0;0;0;1;7
0;0;0;0;0;0;7
1;9.28;0.2;12;14;10;1
0;12.63;0;0;6;0;5
0;21.46;0;0;19;0;2
0;0;0;0;0;0;6
0;8.7;0;5;55;0;7
0;5;0;0;32;0;7
0;0;0;0;0;0;7
0;7.94;0;0;11;28;2
0;0;0;0;0;0;5
0;0;0;0;0;0;7
0;224.73;0;7;398;0;7
196;201.18;115.42;149;670;960;7
0;0;0;0;0;0;7
0;0;0;0;0;1;7
0;0;0;0;0;0;7
0;0;0;0;0;0;7
0;1.5;0;0;1;0;1
0;0;0;0;1;0;7
0;47.58;0;0;34;0;2
0;0;0;0;0;0;5
0;0;0;0;0;0;4
0;0;0;1;0;0;7
0;0;0;0;0;0;7
0;0;0;0;0;0;5
0;3.66;0;0;1;0;7
0;0.32;0;0;5;1;7
0;0;0;0;0;0;7
0;0;0;0;0;0;1
0;0;0;0;0;0;1
0;0;0;0;0;0;7
0;0;0;0;0;0;7
0;0;0;0;0;0;6
0;0;0;0;0;0;4
0;0;0;0;0;0;4
5;20.42;0.03;6;347;4;6
0;0;0;0;0;0;2
0;0;0;0;0;0;7
60;279.18;19.33;35;394;102;2
0;1.11;0;0;0;1;7
0;33.41;0;0;3;0;1
0;0;0;0;0;0;7
0;0;0;0;0;0;7
0;0;0;0;0;0;5
0;0;0;0;0;0;7
0;38.77;0;0;24;20;1
0;23.52;0;0;102;3;2
0;0;0;0;0;0;7
0;0;0;0;0;0;7
0;0;0;0;0;0;1
0;1.34;0;0;0;10;7
0;41.81;0;0;1;0;1
0;0;0;0;0;0;7
0;35.25;0.33;37;262;1;7
0;0;0;0;0;0;7
0;0;0;0;0;0;7
0;0;0;0;0;0;7
0;0;0;0;0;0;7
0;1.5;0;0;3;0;6
40;7.81;0;0;1;0;7
0;0;0;0;0;0;7
0;0;0;0;0;0;7
0;0;0;0;0;0;7
0;0;0;0;0;0;7
0;0;0;0;0;0;1
130;68.33;43.1;131;150;250;1
0;0;0;0;0;0;7
0;0.02;0;0;1;0;7
0;0;0;0;0;0;7
0;0;0;0;0;0;7
0;0;0;0;0;0;7
0;0;0;0;0;0;7
0;0;0;0;0;0;2
0;0;0;0;0;0;1
0;0.01;0;0;3;1;7
0;0;0;0;0;0;7
463;106.43;108.5;434;622;727;2
0;0;0;0;0;0;2
0;0.53;1.25;10;5;0;7
46;106.81;41;42;160;66;4
0;0.46;0;0;0;3;1
0;0;0;0;0;0;7
0;0;0;0;0;0;7
0;2.91;0;0;0;0;7
0;0;0;0;0;0;7
8;158.86;24.84;12;536;0;2
0;0;0;0;0;0;7
0;0;0;0;0;0;7
6;27.55;21.15;37;78;317;7
0;0;0;0;0;0;6
3;0.24;0;0;0;4;7
0;0;0;0;0;0;7
0;0;0;0;0;0;7
0;0;0;0;0;0;7
0;60.49;0;0;281;2;7
0;0;0;0;0;0;5
0;0;0;0;0;0;7
0;0;0;0;0;0;7
0;0;0;0;0;0;7
0;0;0;0;0;0;5
0;0;0;0;0;2;5
0;0;0;0;0;0;7
0;0;0;0;0;0;5
0;265.06;0;0;279;509;7
0;28.92;0;0;83;0;6
0;0;0;0;0;0;7
1;11.05;0;0;0;22;2
0;19.75;0;0;16;0;7
0;0;0;0;0;0;5
0;4.73;0;0;0;0;1
0;0;0;0;0;0;5
0;6.69;0;0;15;0;7
0;1.3;0;0;0;11;6
0;0;0;0;0;0;7
0;1.74;0;0;0;0;7
0;0;0;0;0;0;7
8;39.52;54;218;126;478;6
0;202.07;0;0;861;0;7
0;0;0;0;0;0;7
0;48;0;0;2;0;2
0;8.86;0;0;2;0;1
0;0;0;0;0;0;7
0;0;0;0;0;0;7
0;0;0;0;0;0;7
0;0;0;0;0;0;7
0;0;0;0;0;0;5
0;8.5;0;0;29;0;7
0;0;0;0;0;0;6
0;0;0;0;0;0;7
0;18.29;0;0;7;0;3
0;0;0;0;0;0;6
0;0;0;0;0;0;7
0;0;0;0;0;0;4
0;0;0;0;0;0;7
0;2.65;0;0;0;0;7
0;0;0;0;0;0;7
0;2.43;0;0;1;0;6
0;0;0;0;0;0;7
0;0;0;0;0;0;7
0;0;0;0;0;0;5
0;0;0;0;0;0;7
0;0;0;0;0;0;7
0;0;0;0;0;0;7
0;3.6;0;0;1;8;6
0;0;0;0;0;0;5
0;0;0;0;0;0;7
0;0.02;0;0;5;0;6
0;0;0;0;0;0;7
0;0;0;0;0;0;6
0;0;0;0;0;0;6
0;0.16;0;0;0;1;7
0;2.35;0;0;14;0;7
0;0;0;0;0;0;7
0;0;0;0;0;0;7
0;0;0;0;0;0;5
0;17.32;0;0;46;79;7
1;88.63;7;13;415;48;7
0;42.61;0;0;0;0;6
0;0;0;0;0;0;5
0;18.18;0;0;1;0;5
314;118.23;0;0;612;144;6
0;1.81;0;0;0;0;7
0;0;0;0;0;0;7
0;0;0;0;0;0;7
0;0;0;0;0;0;7
0;3.92;0;0;0;18;7
0;0;0;0;0;0;7
0;0;0;0;0;0;7
0;0.27;0;0;5;0;7
0;0.26;0;0;6;0;7
0;0;0;0;0;0;7
0;0;0;0;0;0;7
0;0;0;0;0;0;7
51;41.24;5.58;23;116;341;7
0;0.33;0;0;1;0;7
0;133.56;0;0;263;105;7
14;22.42;1.5;7;133;71;7
106;61.3;25.75;107;523;252;7
0;0;0;0;0;0;7
0;0;0;0;0;0;7
0;3.42;2.5;13;33;14;7
0;0;0;0;0;0;2
0;0;0;0;0;0;6
586;126.28;136.38;538;1018;767;7
0;0;0;0;0;0;7
0;0;0;0;0;0;7
0;0;0;0;0;0;7
0;0;0;0;0;0;5
0;0;0;0;0;0;7
0;0;0;0;0;0;7
0;95.2;0;0;474;4;7
0;0.24;0;0;2;0;2
0;0;0;0;0;0;7
0;1.75;0;0;0;0;7
0;5.39;0;0;25;0;7
0;16.66;0;1;1;0;5
0;8.06;0;0;35;0;2
0;138.76;12;15;232;0;2
0;64.93;0;0;2;0;6
0;14.39;0;0;2;0;1
0;4.66;0;0;11;0;2
0;43.86;0;6;23;2;2
54;25.96;0.5;1;25;0;7
0;186.02;0;0;623;168;2
0;25.83;0;0;86;0;2
69;31.99;2;2;2;8;5
87;123.96;66.7;154;364;111;6
1;12.98;0.17;1;9;1;7
0;44.63;0;3;246;0;2
0;3.06;0;0;4;7;5
0;82.04;0;0;0;0;6
0;45.25;0;0;15;8;2
0;0;0;0;0;0;7
0;0;0;0;0;0;5
0;3.62;0;0;1;0;6
0;0;0;0;0;0;7
0;0;0;0;0;0;2
0;3.41;0;0;14;0;7
0;0;0;0;0;0;7
0;0;0;0;0;0;4
0;13.44;0;0;0;0;2
0;0;0;0;0;0;6
17;16.51;0.18;16;86;15;5
0;0;0;0;0;0;2
0;0;0;0;0;0;7
0;0;0;0;0;0;5
0;0;0;0;0;0;5
0;0;0;0;0;0;7
0;0;0;0;0;0;7
0;0;0;0;0;0;7
0;6.23;0;0;97;2;7
0;0;0;0;0;0;7
0;0;0;0;0;0;7
0;6.85;0;0;61;51;5
0;21.51;0;0;74;191;2
0;0;0;0;0;0;7
0;2.43;0;0;0;0;3
0;0;0;0;0;0;7
0;0;0;0;0;0;2
0;0;0;0;0;0;7
0;0;0;0;0;0;7
29;0;0;2;0;0;7
0;0;0;0;0;0;7
0;0;0;0;0;0;5
0;0;0;0;0;0;1
0;0;0;0;0;0;7
0;0;0;0;0;0;7
5;5.19;0;6;5;34;7
0;45.43;17;85;85;558;7
0;2.72;0;0;0;24;7
0;3.43;0;0;5;0;7
18;43.02;3.08;17;642;110;7
0;23.35;0;0;9;10;7
0;0;0;0;0;0;7
0;0;0;0;0;0;2
0;0;0;0;0;0;7
0;0;0;0;0;0;7
0;0;0;0;0;0;7
0;0;0;0;0;0;7
110;326.25;112.75;280;1144;211;7
0;0;0;0;0;0;7
0;0;0;0;0;0;7
0;0;0;3;0;0;7
0;0;0;0;0;0;7
0;0;0;0;0;0;7
0;0;0;0;0;0;7
7;225.97;200;536;999;228;2
0;0;0;0;0;0;7
0;0;0;0;0;0;7
0;4.09;0;0;2;0;7
0;61.52;0;0;28;0;2
0;0;0;0;0;0;5
0;42.03;0;4;104;43;5
0;0;0;0;0;0;7
0;0;0;0;0;0;7
0;0;0;0;0;0;7
0;36.23;0;0;20;0;1
0;0.36;0;0;0;3;7
0;0.31;0;0;17;0;7
0;0;0;0;2;0;7
0;0;0;0;0;0;7
0;0;0;0;0;0;7
0;0;0;0;0;0;2
0;0;0;0;0;0;7
0;0;0;0;0;0;7
0;1.64;0;5;13;0;7
0;0;0;0;0;0;7
0;0;0;0;0;0;7
0;0;0;0;0;0;7
780;52.82;24.39;227;826;795;7
0;0;0;0;0;0;7
0;0;0;0;0;0;6
0;5.14;0;0;5;0;6
0;0;0;0;0;0;7
0;0;0;0;0;0;7
0;1.05;0;0;0;0;2
0;0;0;0;0;0;7
0;0;0;0;0;0;7
0;0;0;0;0;0;5
0;0;0;0;0;1;7
0;4.36;0;0;8;0;7
0;0;0;0;0;0;7
0;0;0;0;0;0;7
0;0;0;0;0;0;7
0;0;0;0;0;0;7
0;0;0;0;0;0;7
0;0;0;0;0;0;5
0;0;0;0;0;0;7
0;11.2;0;0;68;15;6
0;0;0;0;0;0;1
143;814.85;134.33;183;3414;438;5
5;38.73;0;0;36;45;7
0;9.94;0;0;52;0;6
0;73.65;3.5;43;236;139;7
0;0;0;0;0;0;7
0;0;0;0;0;0;1
0;0;0;0;0;0;2
0;0;0;0;0;0;7
0;0;0;0;0;0;7
0;0;0;0;0;0;7
2;2.47;0.42;1;1;29;7
0;0;0;0;0;0;7
0;45.62;3;2;7;0;2
0;0;0;0;0;0;2
0;0.03;0;0;2;0;1
0;0;0;0;0;0;7
0;0;0;0;0;0;2
10;0;0;0;0;0;7
0;1.78;0;0;0;0;7
0;0;0;0;0;0;7
94;72.79;2.5;10;236;64;7
0;0;0;0;0;0;7
0;0;0;0;0;0;7
0;0;0;0;0;0;1
0;0;0;0;0;0;7
0;0;0;0;0;0;1
0;0;0;0;0;0;7
0;0;0;0;0;0;7
0;0;0;0;0;0;3
11;117.35;0.08;4;17;8;3
0;0;0;0;0;0;7
0;54.14;0;10;479;61;6
0;0;0;0;0;0;2
0;0;0;0;0;0;7
0;0.27;0;5;6;0;7
0;0;0;0;0;0;7
0;0;0;0;0;0;2
0;0;0;0;0;0;6
0;0.02;0;0;1;0;7
0;0;0;0;0;0;4
0;0;0;0;0;1;6
0;8.37;0;0;0;0;5
0;0;0;0;0;0;7
0;0;0;0;0;0;5
0;0;0;0;0;0;7
6;41.2;12;0;1;0;1
0;0;0;0;0;0;7
0;0;0;0;0;0;5
1;2.62;1.25;5;51;10;7
0;0;0;0;0;0;7
0;0;0;0;0;0;7
1;21.74;0;0;0;2;6
0;14.81;0;0;0;0;6
0;0;0;0;0;0;7
0;0;0;0;0;0;1
0;0;0;0;0;0;7
0;0;0;0;0;0;7
0;0;0;0;0;0;7
0;0;0;0;0;0;7
0;0;0;0;0;0;7
0;0;0;0;0;0;7
6;0.29;0.02;1;15;8;7
0;0;0;0;0;0;7
0;0;0;0;0;0;7
0;0;0;0;0;0;2
0;0;0;0;0;0;7
0;27.83;2.6;6;166;0;2
0;4.7;0;0;0;0;7
0;0;0;0;0;0;4
0;0;0;0;0;0;7
0;0;0;0;0;0;7
0;9.87;0;0;0;30;4
1;48.86;3.25;3;198;0;7
0;0;0;0;0;0;7
0;0;0;0;0;0;7
0;0;0;0;0;0;7
0;0;0;0;0;0;2
353;73.85;10.65;222;347;487;6
0;31.55;0;0;0;0;6
0;0;0;0;0;0;7
1128;122.34;112.23;583;648;1240;7
0;112.04;0;0;160;1;5
0;0;0;0;0;0;7
0;0;0;0;0;0;7
19;0.05;0;2;1;0;7
0;0;0;0;0;0;7
0;0;0;0;0;0;7
0;0;0;0;0;0;7
0;0;0;0;0;0;7
0;0;0;0;0;0;7
0;0;0;0;0;0;6
0;0;0;0;0;0;7
0;2.65;0;0;1;0;6
0;0;0;0;0;0;1
0;0.03;0.5;2;2;0;7
0;0;0;0;0;0;4
0;0;0;0;0;0;7
0;10.46;6.58;23;126;28;7
0;2.55;5.98;17;33;1;7
0;0;0;0;0;0;7
0;0;0;0;0;0;7
0;11.33;0;0;0;0;1
0;27.11;0;0;22;0;7
0;0;0;0;0;0;7
0;1.14;0;0;5;0;2
0;0;0;0;0;0;7
0;47.58;0;0;34;0;4
0;55.38;0.25;31;301;1;7
0;0;0;0;0;0;6
0;0;0;0;0;0;7
12;61.64;1;3;25;89;2
0;0;0;0;0;0;2
0;0;0;0;0;0;6
0;1;0;0;0;0;7
0;0;0;0;0;0;1
0;3.32;0;0;10;0;7
0;0;0;0;0;0;2
0;0;0;0;0;0;6
0;0;0;0;0;0;7
0;0.18;0;0;9;1;7
0;0;0;0;0;0;7
0;0.02;0;0;2;0;7
0;0;0;0;0;0;2
0;0;0;0;0;0;2
0;0;0;0;0;0;5
0;0;0;0;0;0;7
0;0;0;0;0;0;7
0;0;0;0;0;0;7
636;270.17;143;408;670;1176;5
0;0;0;0;0;0;7
0;0;0;0;0;0;7
0;0;0;0;0;0;7
0;170.9;0;1;972;1;7
0;0;0;0;0;0;7
0;0;0;0;0;0;7
0;0.96;0.03;1;6;2;7
0;1.27;0;0;14;12;7
0;0.3;0;0;0;10;2
0;0;0;0;0;0;7
0;0;0;0;0;0;7
0;0;0;0;0;0;4
0;0;0;0;0;0;7
0;0.05;0;0;4;0;6
0;0;0;0;0;0;2
0;0;0;0;0;0;3
0;0;0;0;0;0;7
0;0;0;0;0;0;7
0;0;0;0;0;0;7
0;0;0;0;0;0;7
0;38.48;0;0;2;0;4
0;34.59;0;0;7;0;2
0;22.16;1;5;15;39;7
0;0;0;0;0;0;1
0;0.25;0;0;4;0;7
0;0.01;0;4;1;0;7
0;0;0;0;0;0;7
0;0.64;0;0;5;0;2
0;0;0;0;0;0;7
0;0;0;0;0;0;1
0;0;0;0;0;0;7
0;2.22;0;0;0;0;1
0;0;0;0;0;0;5
0;0;0;0;0;0;5
0;0;0;1;0;0;7
0;0;0;0;0;0;7
0;7.11;0;0;14;0;6
0;0;0;0;0;0;7
0;1.64;0;0;0;0;5
0;2.23;0;0;0;0;7
0;0;0;0;0;0;7
0;3.9;0.75;4;20;36;7
0;0;0;0;0;0;1
0;5.9;0;0;1;0;6
0;17.56;18;45;55;150;7
0;0;0;0;0;0;7
0;0;0;0;0;0;5
0;2.2;0;0;48;0;5
0;4.02;0;0;0;21;7
0;0;0;0;0;0;7
0;0.07;0;0;8;0;5
1189;175.68;221.35;1142;1917;1669;7
0;10.78;0;0;4;0;6
293;108.36;55.11;231;344;324;7
0;0;0;0;0;0;1
0;0;0;0;0;0;7
0;0;0;0;0;0;7
0;0.94;0;0;10;14;7
0;0.33;0;0;7;0;7
0;0.02;0;0;1;0;7
0;0;0;0;0;0;7
0;28.83;0;16;162;29;7
0;0;0;0;0;0;7
0;4.05;0.67;2;8;0;7
72;427.84;9.48;13;285;314;2
961;370.77;0;0;1223;16;2
0;38.53;0;0;195;42;7
98;554.65;11.5;7;131;133;5
0;61.19;0;0;7;0;4
0;18.09;0;0;7;1;2
121;43.42;26.75;116;335;64;2
0;11.09;0;0;9;0;6
0;66.83;0;0;160;0;4
0;10.66;0;0;9;0;4
0;4.55;0;2;4;0;6
0;1.21;0;0;0;0;7
0;13.03;0;0;24;1;1
0;90.5;0;0;238;4;2
4;46.89;1;2;28;0;1
0;4.91;0;0;1;4;1
14;161.03;12.5;8;35;5;2
0;77.29;0;1;22;0;6
7;17.9;0;1;1;4;3
31;141.03;11.25;16;24;162;2
0;27.06;0;0;3;18;7
0;4.04;0;0;14;12;7
0;14.22;0;16;108;26;5
0;14.96;7;11;11;5;7
1;47.67;6.25;54;333;0;7
0;0;0;0;0;0;7
0;0;0;0;0;0;7
0;0;0;0;0;0;7
0;0;0;0;0;0;5
0;1.77;0;0;19;2;7
0;10.17;0;0;17;0;6
0;0;0;0;0;0;7
0;0;0;0;0;0;7
0;0;0;0;0;0;7
0;0;0;0;0;0;7
0;0;0;0;0;0;7
0;13.87;0;0;45;158;2
0;8.83;0;0;51;0;7
0;1.32;0;0;8;0;6
0;0;0;0;0;0;7
0;0;0;0;0;0;6
0;0;0;0;0;0;7
0;0;0;0;0;0;5
0;0;0;0;0;0;7
0;0;0;0;0;1;6
0;11.79;0;0;3;0;6
0;0;0;0;0;0;7
0;0;0;0;0;0;7
5;73.59;41.41;76;111;226;4
39;56.02;18.72;94;717;208;7
0;0;0;0;0;0;7
0;0;0;0;0;0;1
0;0;0;0;0;0;7
328;64.45;130.33;317;475;29;3
0;0;0;0;0;0;7
0;0;0;0;0;0;7
0;0;0;0;0;0;7
0;27.69;0;3;105;15;7
0;13.7;0;0;0;0;1
0;0;0;0;0;0;7
0;0;0;0;0;0;7
35;8.9;0.34;25;116;38;6
0;39.04;0;0;228;330;5
0;5.28;0;0;0;0;7
0;1.54;0;1;9;11;7
0;0;0;0;0;0;5
0;0;0;0;0;0;5
2;30.16;0;0;620;21;7
0;0;0;0;0;0;2
0;9.56;0;0;7;56;2
0;0.86;6;1;0;2;7
0;0;0;0;0;0;7
0;24.42;0;77;208;2;7
0;0;0;0;0;0;7
0;0;0;0;0;0;7
0;0;0;0;0;0;2
643;86.57;503.57;654;702;73;2
0;12.2;0;0;41;146;7
0;0;0;0;0;0;7
0;0;0;0;0;0;7
0;1.64;0;0;4;0;7
0;0;0;0;0;0;1
0;0;0;0;0;0;7
0;0;0;0;0;0;7
0;1.64;0;0;0;13;7
0;0;0;0;0;0;7
0;28.79;0;1;167;60;7
0;0;0;0;0;0;7
392;208.47;94.58;373;608;649;6
0;0;0;0;0;0;7
0;0;0;0;0;0;7
0;32.34;0;0;250;0;7
0;0;0;0;0;0;1
0;0;0;0;0;0;7
0;0;0;0;0;0;2
0;13.97;0;0;3;0;2
0;0;0;0;0;0;7
0;9.86;0;0;10;0;2
1283;272.05;249.56;1039;1697;2404;7
0;0;0;0;0;0;7
0;0;0;0;0;0;7
0;0;0;0;0;0;7
0;55.64;0;0;2;0;6
0;2.67;0;0;0;1;7
0;0;0;0;0;0;5
0;0;0;0;0;0;5
0;0.11;0.15;6;1;0;7
0;0;0;0;0;0;7
0;74.67;53.58;32;0;0;6
0;24.59;0;0;43;0;2
0;0;0;0;0;0;7
0;0;0;0;0;0;7
0;0;0;0;0;0;5
0;0;0;0;0;0;7
1099;339.84;608.33;895;1598;2097;4
0;0;0;0;0;0;7
209;568.06;2.83;10;2563;23;2
0;0;0;0;0;0;7
5;377.61;2.97;5;965;23;2
0;0;0;0;0;0;7
0;0;0;0;0;0;1
0;43.03;0;0;3;0;1
0;0;0;0;0;0;6
0;0;0;0;0;0;7
0;0;0;0;0;0;2
0;22.08;0.33;7;3;0;7
0;0;0;0;0;0;7
0;0;0;0;0;0;7
0;8.02;0;0;0;0;1
0;0;0;0;0;0;7
334;264.7;206.06;324;766;660;2
0;0;0;0;0;0;7
0;0;0;0;0;0;7
0;12.83;0;0;0;0;7
0;0;0;0;0;0;7
0;0.27;0;0;0;4;3
0;14.4;5.58;15;34;1;7
0;43.26;0;0;161;0;7
0;0;0;0;0;0;7
1;174.41;0.25;2;604;21;5
0;2.18;0;0;0;0;6
3;130.45;0;8;694;19;2
0;0;0;0;0;0;7
0;0;0;0;0;0;7
0;0;0;0;0;0;7
0;0;0;0;0;0;7
0;0.25;0;0;0;1;7
0;0;0;0;0;0;7
0;36.2;0.75;1;20;9;2
0;57.33;0;0;28;0;4
0;15.37;0;0;0;29;7
0;0;0;0;0;0;7
0;0;0;0;0;0;7
0;1.07;0;0;4;0;4
0;6.7;0;0;49;0;7
0;0;0;0;0;0;7
0;0;0;0;0;0;7
0;0.65;0;0;3;2;1
0;0;0;0;0;0;7
0;0;0;0;0;0;7
0;0;0;0;0;0;7
0;4.68;0;0;0;1;7
0;4.94;0;0;0;0;6
0;0;0;0;0;0;4
0;0;0;0;0;0;7
0;0.56;0;0;18;0;7
5;23.06;5.5;20;65;125;7
0;28.12;24.5;21;50;26;2
0;0;0;0;0;0;1
0;0;0;0;0;0;5
0;0;0;0;0;0;7
0;0.4;0;0;0;10;7
0;0;0;0;0;0;7
0;0;0;0;0;0;6
0;0;0;0;0;0;7
0;0;0;0;0;0;7
0;0;0;0;0;0;7
481;89.5;55.96;280;751;670;5
0;0;0;0;0;0;5
0;0.25;0;0;1;0;7
0;0;0;0;0;0;5
0;11.26;0;0;55;0;7
0;0;0;0;0;0;7
0;0;0;0;0;0;7
0;0;0;0;0;0;7
0;0;0;0;0;0;7
0;0;0;0;0;0;7
0;9.99;0;0;2;1;7
0;0;0;0;0;0;7
0;0;0;0;0;0;7
0;0;0;0;0;0;2
0;0;0;0;0;0;7
0;0;0;0;0;0;7
0;0;0;0;0;0;6
0;0;0;0;0;0;5
0;0;0;0;0;0;7
0;0;0;0;0;0;7
210;135.73;43.78;213;884;392;4
0;1.21;0;0;0;0;7
8;63.96;2.5;18;125;155;6
0;2.16;0.25;6;43;0;7
0;2.92;0;0;0;3;1
0;2.27;0;0;0;1;5
0;0;0;0;0;0;7
0;0;0;0;0;0;7
0;0;0;0;0;0;7
0;0;0;0;0;0;5
0;0;0;0;0;0;1
0;0;0;0;0;0;7
0;0;0;0;0;0;7
0;0;0;0;0;0;7
0;0;0;0;0;1;2
0;0;0;0;0;0;7
0;0;0;0;0;0;7
0;0;0;0;0;0;5
0;0;0;0;0;0;5
0;1.99;0.17;7;27;1;6
0;0.16;0;0;0;3;7
0;0;0;0;0;0;6
67;149.82;0;13;483;4;4
0;0;0;0;0;1;7
0;0;0;0;0;0;4
0;0;0;0;0;0;1
0;0;0;0;0;0;7
31;11.09;13.25;53;109;55;6
8;0.15;3;12;16;2;7
0;0;0;0;0;0;4
0;0;0;0;0;0;7
0;0;0;1;0;0;7
0;0;0;0;0;0;7
0;0;0;0;0;0;1
0;0;0;0;0;0;7
0;2.89;0;0;0;0;2
65;0;0;0;0;0;7
0;1.79;0;0;0;0;2
0;0;0;0;0;0;7
4;73.38;12;6;222;19;2
0;0;0;0;0;0;7
0;0;0;0;0;0;2
0;0;0;0;0;0;7
0;0;0;0;0;0;7
0;0;0;0;0;0;5
7;0;0;0;0;0;7
0;0;0;0;0;0;6
0;0;0;0;0;0;7
0;1.83;0;0;0;0;7
0;0;0;0;0;0;4
0;2.57;0;0;1;0;6
0;46.6;1.75;4;238;8;2
0;0;0;0;0;0;7
0;4.78;0;0;1;0;6
0;7.21;0;0;17;0;4
0;0;0;0;0;0;7
0;0;0;0;0;0;7
31;0.52;7.5;15;14;4;2
0;35.65;0;0;6;0;1
0;0;0;0;0;0;4
0;1.08;0;0;1;0;1
0;0;0;0;0;0;7
0;0;0;0;0;0;7
0;0;0;0;0;0;6
0;0;0;0;0;0;7
0;0;0;0;0;0;7
0;0;0;0;0;0;4
0;6.63;0;0;0;26;6
0;0;0;0;0;0;1
0;0.02;0;0;1;0;7
0;0;0;0;0;0;7
0;0.48;1.75;12;15;0;7
0;0;0;0;0;0;7
7;31.1;10;43;113;356;7
0;0.09;0;0;9;0;7
3;37.84;1.75;2;63;13;4
0;4.41;0;0;0;0;7
0;0;0;0;0;0;7
48;20.39;8.77;35;176;177;7
0;0;0;0;0;0;7
0;0;0;0;0;0;7
0;0;0;0;0;0;7
0;13.72;0;0;7;0;1
0;0;0;0;0;0;7
0;32.37;0;0;14;0;7
0;0;0;0;0;0;7
0;0;0;0;0;0;2
0;0;0;0;0;0;6
0;0;0;0;0;0;5
0;7.62;0;0;0;10;6
0;0;0;0;0;0;7
0;0;0;0;0;0;7
14;1.55;3.43;19;33;0;7
27;0;0;0;0;0;7
0;0;0;0;0;0;7
0;36.5;0;0;207;0;2
0;0;0;0;0;0;7
0;0.37;0;0;1;2;7
0;0;0;0;0;0;6
0;2.5;0;0;1;0;2
223;90.81;12.75;51;441;169;1
0;3.14;0;0;16;0;7
0;4.69;0;0;0;15;7
0;11.23;0;0;40;0;5
0;18.21;0;0;120;0;7
0;16.43;0;0;3;0;6
0;1.05;0;0;4;0;7
0;39.11;2;3;4;0;2
0;28.2;0;0;21;0;3
384;164.2;116.94;346;495;783;6
0;31.01;0;0;354;9;7
218;174.85;37.67;216;1223;1129;2
6;151.96;4.75;5;33;11;2
0;36.41;0;0;10;0;1
45;269.69;10.83;16;856;24;3
0;7.34;0;0;7;0;5
0;29.91;0;0;1;5;2
0;0.01;0;0;0;0;1
0;295.74;0;0;1028;0;4
0;8.04;0;0;22;0;2
0;32.48;0;0;240;0;2
0;6.22;0;0;32;35;2
0;78.11;0;0;120;0;2
0;13.34;0;0;11;0;4
0;2.22;0;0;0;0;3
16;70.35;0.5;1;48;289;2
33;35.39;0.83;5;271;12;5
0;285.73;1.5;2;353;41;3
0;20.91;0;0;7;0;4
13;39.01;4.5;12;35;2;2
0;39.67;2;1;6;0;4
0;22.63;0;0;63;0;7
0;6.57;0;0;2;0;5
0;421.98;0;0;812;13;2
0;0;0;0;0;0;7
0;0;0;0;0;0;7
0;0;0;0;0;0;7
0;2.62;0;0;0;0;7
0;0;0;0;0;0;7
81;61.49;0.79;57;1834;58;7
0;0.01;0;0;3;0;7
0;0;0;0;0;0;7
0;1.72;0;0;0;0;1
0;0;0;0;0;0;6
0;8.04;0;0;0;0;7
0;0;0;0;0;0;7
356;57.6;36.28;220;161;778;7
0;29.48;0;0;4;0;1
0;0;0;0;0;0;6
0;0;0;0;0;0;2
0;0;0;0;0;0;4
0;0;0;0;1;0;7
5;0.68;0;0;3;10;7
0;0;0;0;0;0;7
0;0;0;0;0;0;7
0;0;0;0;0;0;7
0;0;0;0;0;0;7
395;146.88;55.39;253;1026;753;7
6;9.35;0;3;64;74;7
0;340.32;0;3;1419;49;6
0;0;0;0;0;0;7
0;0;0;0;0;0;5
0;0;0;0;0;0;7
0;0;0;0;0;0;7
0;2.13;0;0;3;0;1
0;0;0;0;0;0;7
0;0;0;0;0;0;7
0;10.45;0;0;91;6;5
0;0;0;0;0;0;7
0;17.81;0;0;0;0;6
0;0;0;0;0;0;7
0;0;0;0;0;0;7
0;0;0;2;0;0;7
0;0;0;0;0;0;7
0;0;0;0;0;0;7
0;0;0;0;0;0;7
7;0;0;0;0;2;7
0;0;0;0;0;0;7
0;0;0;0;0;0;7
0;0;0;0;0;0;7
0;7.5;0;0;12;0;7
0;0;0;0;0;0;7
0;0;0;0;0;0;7
0;0;0;0;0;0;7
0;0.34;0.25;1;2;1;7
0;7.05;0;0;2;0;6
1292;1282.1;1962;1566;4292;794;7
0;0;0;0;0;0;7
0;0;0;0;0;0;2
0;0;0;1;0;0;7
0;0;0;0;0;0;7
0;0;0;0;0;0;7
38;31.52;14.58;62;171;165;7
0;0;0;0;0;0;7
0;0;0;0;0;0;7
0;0;0;0;0;0;7
0;0;0;0;0;0;6
353;73.85;10.65;222;347;487;2
0;0;0;0;0;0;6
0;99.66;0;1;210;0;1
0;0;0;0;0;0;7
0;0;0;0;0;0;7
1;5.38;0.18;11;16;89;7
0;0.41;0;0;0;4;7
0;0;0;0;0;0;7
0;1.39;0;0;40;0;7
38;244.49;28.57;154;1788;25;7
0;0;0;0;0;0;7
0;29.62;0;0;2;0;2
0;0;0;0;0;0;5
0;0;0;0;0;0;7
0;0;0;0;0;0;7
48;42.12;2.83;2;6;5;2
0;0;0;0;0;0;7
75;30.2;8.1;70;335;79;5
0;0;0;0;0;0;7
0;0;0;0;0;0;7
3;103.54;3.5;7;142;68;1
0;0;0;0;0;0;2
0;0;0;0;0;0;7
0;1.26;0;0;15;0;7
0;0;0;0;0;0;7
0;2.65;0;0;1;0;6
0;1.56;0;0;5;0;1
237;89.46;112.36;254;331;367;2
0;0;0;0;0;0;7
0;0;0.25;1;0;0;7
0;0;0;0;0;0;7
0;85.18;0;24;420;1;7
0;0;0;0;0;0;7
0;37.77;0.5;36;249;1;3
0;0;0;0;0;0;7
0;0;0;0;0;0;7
0;5.97;0;1;103;0;4
0;199.64;0;1;162;0;6
0;0;0;0;0;0;7
0;96.97;0;0;115;0;7
0;0;0;0;0;0;7
0;0;0;0;0;0;7
0;0;0;0;0;0;4
0;14.83;0;0;27;1;7
0;0;0;0;0;0;7
0;0;0;0;0;0;5
0;0;0;0;0;0;7
0;0;0;0;0;0;7
0;0;0;0;0;0;2
0;0;0;0;0;0;1
0;18.64;0;0;215;6;7
0;0;0;0;0;0;6
0;0;0;0;0;0;7
0;0;0;0;0;0;6
0;0.01;0;0;1;0;7
0;18.67;0;0;123;0;7
0;0;0;0;0;0;7
0;0;0;0;0;0;7
0;0;0;0;0;0;7
0;3.66;0;0;1;0;7
0;0;0;0;0;0;7
0;0;0;0;0;0;7
0;0;0;0;0;0;4
0;0;0;0;0;0;6
0;0.76;0;0;0;4;5
0;0;0;0;0;0;7
0;0;0;0;0;0;7
0;0;0;0;0;0;7
0;0;0;0;0;0;7
0;2.43;0;0;0;0;1
0;2.91;0;0;0;0;6
463;106.43;108.5;434;622;727;7
0;0;0;0;0;0;7
0;0;0;0;0;0;7
0;1.36;0;0;0;0;2
0;0;0;0;0;0;7
0;0;0;0;0;0;7
0;0;0;0;0;0;2
0;0;0;0;0;0;6
0;0;0;0;0;0;7
0;0;0;0;0;0;7
0;0;0;0;0;0;5
5;8.45;0.08;6;7;10;1
0;0;0;0;0;0;7
0;0;0;0;0;0;7
0;0;0;0;0;0;6
0;0;0;0;0;0;5
0;9.41;0;9;40;0;2
0;0;0;0;0;0;6
0;126.43;0;0;213;48;7
0;1.02;0;0;5;0;7
0;0;0;0;0;0;7
0;10.3;0.75;2;44;0;6
0;0;0;0;0;0;5
0;0;0;0;0;0;5
0;0;0;0;0;0;7
15;0.46;0.28;12;76;0;6
0;0;0;0;0;0;7
0;26.31;0;0;1;0;4
0;0;0;0;0;0;1
0;0.04;0;0;5;0;7
0;22.08;0.33;7;3;0;2
0;0;0;0;0;0;7
15;32.15;0;0;0;3;1
0;0;0;0;0;0;5
0;33.65;14.87;149;209;0;5
0;2.37;0;0;1;0;7
0;0;0;0;0;0;7
0;0;0;0;0;0;7
0;0;0;0;0;0;2
0;0;0;0;0;0;7
0;0;0;0;0;0;5
0;0;0;0;0;0;7
0;0;0;0;0;0;4
0;12.74;0;0;49;14;7
0;0;0;0;0;0;4
494;115.41;115.5;457;568;784;7
0;0;0;0;0;0;7
0;3.42;0;1;11;0;1
0;0;0;0;0;0;2
0;2.79;0;0;0;0;3
0;2;0;0;0;0;2
258;69.35;8.13;225;636;482;7
0;0;0;0;0;0;7
0;0;0;0;0;0;6
0;0;0;0;0;0;2
0;0;0;0;0;0;7
0;13.89;0;0;11;0;2
0;0;0;0;0;0;7
0;0;0;0;0;0;7
32;12.04;0.85;22;445;2;7
0;11.64;0;1;4;0;4
0;2.08;0;0;0;0;5
0;0;0;0;0;0;7
0;0;0;0;0;0;7
0;0;0;0;0;0;7
0;0;0;0;0;0;7
0;0;0;0;0;0;7
0;0;0;0;0;0;7
0;0;0;0;0;0;5
0;0;0;0;0;0;7
0;0.54;0;0;1;0;4
0;15.76;0;0;6;3;2
0;0;0;0;0;0;7
0;0;0;0;0;0;7
0;17.48;0;0;4;2;1
0;77.3;20.05;41;532;0;2
0;0;0;0;0;0;7
0;203.61;0;0;198;6;5
0;0;0;0;0;0;7
0;0;0;0;0;0;7
0;0;0;0;0;0;2
0;0;0;0;0;0;7
0;0;0;0;0;0;4
7;0.02;0;1;7;0;7
0;0;0;0;0;0;7
0;0;0;0;0;0;6
0;0;0;0;0;0;7
0;0;0;0;0;0;7
0;42.37;0;0;199;0;7
715;316.69;13.91;55;1100;140;7
0;0;0;0;0;0;7
0;0;0;0;0;0;5
0;22.32;0;0;93;122;3
0;0;0;0;0;0;7
0;0;0;0;0;0;7
0;0;0;0;0;0;7
0;0;0;0;0;0;7
0;0;0;0;0;0;1
0;2.73;0;0;2;0;4
2;36.58;0;0;20;317;1
0;0;0;0;0;0;2
0;0;0;0;0;0;4
0;0;0;0;0;0;7
0;0;0;0;0;0;7
0;0;0;0;0;0;2
216;105.85;38.67;137;232;588;7
0;0.5;0;1;4;0;7
0;1.81;0;0;0;3;7
0;0;0;0;0;0;7
5;0;0;0;0;0;7
0;0;0;0;0;0;7
0;78.21;0;0;182;0;5
0;0;0;0;0;0;2
0;0;0;0;0;0;7
0;0;0;0;0;0;7
0;0;0;0;0;0;7
0;0;0;0;0;0;7
850;205.61;52.57;438;1128;1539;7
0;0;0;0;0;0;7
0;0;0;0;0;0;7
0;0;0;0;0;0;2
306;79.55;69.08;230;314;593;7
0;0;0;0;0;0;7
0;0;0;0;0;0;7
0;83.91;0;1;282;3;4
0;79.7;0;0;205;11;2
7;62.21;0.75;2;15;18;1
148;174.59;0;1;597;27;2
0;11.87;0;0;33;11;6
0;71.95;0;0;20;2;2
0;84.73;0;0;213;4;2
0;0;0;0;0;0;2
0;87.48;16.16;35;242;117;2
13;16.71;0.75;15;94;13;2
0;4.12;0;0;0;0;3
0;20.06;0;0;0;0;3
0;85.82;0;1;247;2;4
0;2.04;0;0;5;0;6
0;10.06;2.5;1;0;0;4
0;52.89;0;0;2;0;3
0;5.28;0;0;1;0;4
0;34.24;0;0;2;0;2
0;43.26;0;0;4;5;6
0;7.69;0;0;0;1;7
0;85.54;0;0;100;1;7
0;37.28;0;0;11;0;6
0;44.34;0;0;1;0;3
5;20.59;1.75;17;202;98;2
0;58.9;1;5;10;0;6
0;43.35;0;0;7;0;4
0;30.64;0;0;35;0;3
0;21.33;0;0;0;0;1
0;1.87;0;0;0;0;1
0;27.15;0;0;122;0;7
0;10.36;3;1;2;0;1
0;13.8;0;0;4;0;1
0;49.07;0;0;2;2;6
0;38.76;0;6;236;11;7
0;0;0;0;0;0;7
0;0;0;0;0;0;7
0;0;0;0;0;0;2
0;8.24;0.25;3;2;119;7
0;0;0;0;0;0;7
0;0;0;0;0;0;5
0;0;0;0;0;0;7
0;0;0;0;0;0;7
0;0;0;0;0;0;7
0;0;0;0;0;0;3
0;0;0;0;0;0;7
0;0;0;0;0;0;7
0;29.62;0;0;2;0;6
0;0;0;0;0;0;4
0;0;0;0;0;0;5
0;0.32;0;0;8;0;7
0;0;0;0;0;0;7
0;54.44;0;0;0;0;7
0;0.02;0;0;0;0;6
0;0.02;0;0;0;7;7
0;0;0;0;0;0;7
0;0;0;0;0;0;7
0;0;0;0;0;0;7
0;0;0;0;0;0;7
0;0;0;0;0;0;7
0;56.11;0;62;268;0;4
0;0;0;0;0;0;7
0;0;0;0;0;0;2
0;21.89;0;0;76;206;7
0;0;0;0;0;0;4
0;0;0;0;0;0;7
0;15.62;0;0;0;0;4
0;0;0;0;0;0;6
0;0;0;0;0;0;7
0;0;0;0;0;0;7
0;0;0;0;0;0;7
0;34.08;0;0;203;54;1
0;27.09;3.75;6;64;9;4
0;18.03;0;0;0;0;7
0;6.61;0;0;2;0;4
0;251.57;0.58;23;1079;340;3
0;0;0;0;0;0;7
0;0;0;0;0;0;2
0;0;0;0;0;0;7
0;0;0;0;0;0;7
0;0.41;0;0;7;4;7
0;0;0;0;0;0;5
9;0.12;0.22;3;0;4;1
0;0;0;0;0;0;7
0;0;0;0;0;0;7
0;1.82;0;0;0;0;6
0;0;0;0;0;0;7
0;0;0;0;0;0;7
1;0.23;0;0;0;1;7
0;0;0;0;0;0;5
0;0;0;0;0;0;7
0;0;0;0;0;0;7
0;0;0;0;0;0;5
0;0;0;0;0;0;7
0;0;0;0;0;0;7
0;61.35;0.25;39;213;337;7
0;0;0;0;0;0;7
0;24.43;0;5;209;15;2
0;51.25;0;50;253;71;7
0;10.94;0;3;88;0;7
0;0;0;0;0;0;7
0;0;0;0;0;0;7
0;0;0;0;0;0;7
0;0;0;0;0;0;1
0;0;0;0;0;0;7
0;0;0;0;0;0;7
0;0;0;0;0;0;7
0;0;0;0;0;0;7
0;0;0;0;0;0;2
0;1.5;0;0;1;0;1
0;0;0;0;0;0;2
0;0;0;0;0;0;7
0;0;0;0;0;0;7
0;0;0;0;0;0;6
0;0;0;0;0;0;7
0;0;0;0;0;0;7
0;0;0;0;0;0;7
0;0;0;0;0;0;7
0;0;0;0;0;0;7
0;0;0;0;0;0;5
0;0;0;2;0;0;7
0;0;0;0;0;0;7
0;4.98;0;0;0;18;7
0;0;0;0;0;0;7
0;0;0;0;0;0;7
0;2.68;0;0;0;0;5
0;0;0;0;0;0;5
0;27.36;0;1;8;0;2
0;0.54;0;0;14;0;7
0;0;0;0;0;0;7
0;0;0;0;1;0;2
0;6;0;0;0;5;7
0;0;0;0;0;0;7
2;74.92;0;0;126;35;2
1;17.03;0;0;19;1;1
0;0;0;0;0;0;7
0;0;0;0;0;0;7
7;89.25;0.5;1;45;57;6
0;0;0;0;0;0;7
0;0.26;0;0;4;0;2
0;0;0;0;0;0;7
0;0;0;0;0;0;7
0;0;0;0;0;0;7
4;112.71;2;3;72;0;7
0;0;0;0;0;0;7
0;0;0;0;0;0;7
0;0;0;0;0;0;7
0;10.18;0;0;0;0;6
0;0;0;0;0;0;7
0;0.03;0;0;1;0;2
0;0;0;0;0;0;7
0;0;0;0;0;0;7
0;7.92;0;0;0;0;5
0;0;0;0;0;0;7
0;0;0;0;0;0;1
0;0;0;0;0;0;2
0;7.74;0;0;44;3;7
0;0;0;0;0;0;7
0;20.7;0;19;141;0;7
0;0;0;0;0;0;7
482;197.67;268.88;251;204;718;4
7;1.17;0;2;5;0;7
0;4.32;0;2;21;0;7
0;2.59;0;0;0;0;7
0;0;0;0;0;0;7
0;0;0;0;0;0;7
0;0;0;0;0;0;7
0;0;0;1;0;0;7
0;0;0;0;0;0;2
0;0;0;0;0;0;7
1;47.11;25;77;76;596;7
0;20.29;0;0;93;32;7
0;1.77;0;0;19;2;4
0;0;0;0;0;0;7
0;0;0;0;0;0;5
0;0;0;0;0;0;2
0;0;0;4;0;0;7
0;0;0;0;0;0;6
0;0;0;0;0;0;7
0;0;0;0;0;0;7
0;0;0;0;0;0;1
0;0;0;0;0;0;5
0;0;0;0;0;0;4
7;0;0;0;0;0;6
0;0;0;0;0;0;4
0;0;0;0;0;0;5
0;26.13;0;1;157;0;7
0;0;0;0;0;0;6
0;0;0;0;0;0;4
0;0;0;0;0;0;7
0;0;0;0;0;0;1
0;0;0;0;0;0;7
0;6.71;0;0;0;0;7
0;10.08;0;1;24;0;2
0;0;0;0;0;0;7
0;0;0;0;0;0;6
0;0;0;0;0;0;7
2;74.15;12.91;52;113;300;3
0;1.5;0;0;1;0;6
0;0;0;0;0;0;7
0;0.26;0;1;5;0;7
0;0;0;0;0;0;7
0;0;0;0;0;0;4
0;38.7;0;0;0;0;6
0;17.73;0;0;1;0;6
0;69.35;0;0;7;1;4
0;0;0;0;0;0;6
0;0;0;0;0;0;7
0;1.61;0;0;0;0;1
0;0.03;0;0;5;0;6
0;41.36;0.25;2;69;1;2
0;0;0;0;0;0;7
0;0;0;0;0;0;7
0;0;0;0;0;0;7
0;24.16;0;0;0;0;3
0;0;0;0;0;0;5
24;33.07;1.25;6;634;24;7
0;0;0;0;0;0;1
0;0;0;0;0;0;6
0;0;0;0;0;0;7
0;0;0;0;0;0;7
0;12.39;0;0;22;6;2
17;109.35;0.25;5;191;3;2
0;0;0;0;0;0;5
0;0;0;0;0;0;5
1;6.6;0;0;22;2;2
0;0;0;0;0;0;1
0;0;0;0;0;0;5
0;0;0;0;0;0;6
0;0;0;0;0;0;5
0;0;0;0;0;0;7
0;0;0;0;0;0;4
0;0;0;0;0;0;7
0;9.56;1.5;6;36;11;7
0;0;0;0;0;0;5
0;0;0;0;0;0;7
0;0;0;0;0;0;7
0;0;0;0;0;0;5
0;5.46;0;0;0;0;6
0;0;0;0;0;0;7
0;22.36;0;0;45;35;6
0;4.67;0;0;0;6;7
0;0;0;0;0;0;7
0;14.96;0;0;5;8;7
4;11.27;0;0;18;13;7
0;0;0;0;0;0;7
0;0;0;0;0;0;6
0;0;0;0;0;0;2
15;3.33;2.83;18;74;30;7
0;2.5;0;0;2;0;2
0;55.07;0;0;0;0;7
0;12.2;0;0;41;146;2
0;15.79;0;0;127;0;2
0;0;0;0;0;0;7
0;25.58;0;9;41;0;7
0;0;0;0;0;0;7
0;0;0;0;0;0;7
0;0;0;0;0;0;6
0;0;0;0;0;0;7
0;6.72;0;0;36;0;2
0;0;0;0;0;0;7
0;43.86;0;6;23;2;7
0;0;0;0;0;0;7
0;0;0;0;0;0;7
0;0;0;0;0;0;7
0;0;0;0;0;0;7
0;0;0;0;0;0;5
0;0;0;0;0;0;6
228;22.79;24.28;195;245;341;7
0;0;0;0;0;0;7
0;0;0;0;0;0;7
0;0;0;0;0;0;5
0;0;0;0;0;0;7
0;0;0;0;0;0;7
0;0;0;0;0;0;7
0;0;0;0;0;0;7
0;2.17;0;0;0;0;7
0;0;0;0;0;0;7
36;28.67;13.25;23;230;93;2
0;0;0;0;0;0;7
0;0;0;0;0;0;7
0;0;0;0;0;0;7
0;0.21;10.5;22;21;0;2
1;169.19;2.25;72;815;342;7
0;0;0;0;0;0;7
0;0;0;0;0;0;6
0;0;0;0;0;0;7
0;0;0;0;0;0;7
175;117.42;0;0;501;75;7
0;23.55;0;0;2;0;6
0;0;0;0;0;0;2
0;0;0;0;0;0;7
0;0.14;0;0;16;0;7
0;0.06;0;0;1;0;6
0;0;0;0;0;0;6
0;38.96;0;0;2;1;4
0;0;0;0;0;0;7
0;0;0;0;0;0;2
0;0;0;0;0;0;5
0;0;0.03;2;0;0;5
0;0;0;0;0;0;7
0;11.29;0;0;4;1;1
0;0;0;0;0;0;7
399;203.23;3.75;15;858;152;7
0;0;0;0;0;0;7
0;11.08;0;0;5;0;2
0;0;0;0;0;0;5
0;0;0;0;0;0;7
0;75.95;0;0;2;0;3
332;155.58;0;0;771;112;6
0;0;0;0;0;0;1
0;0;0;0;0;0;2
0;55.92;0;31;356;105;7
0;0;0;0;0;0;7
0;0;0;0;0;0;7
0;0;0;0;0;0;7
0;0;0;0;0;0;7
0;0;0;0;0;0;7
103;6.36;11.33;39;65;60;7
0;0;0;0;0;0;7
0;2.06;0;0;0;0;7
0;0;0;0;0;0;7
0;0;0;0;0;0;7
0;0;0;0;0;0;7
0;0;0;0;0;0;7
10;0.87;0;3;11;4;7
0;2.87;1.25;6;17;4;7
0;58.48;0.5;20;340;40;7
1;17.04;0.25;4;0;38;7
0;19.65;0;7;52;68;7
0;0;0;0;0;0;6
37;74.05;35;127;219;429;7
1304;294.4;267.62;1164;1278;608;6
0;44.41;0;0;0;0;3
0;207.41;0;0;687;0;2
0;105.09;0.05;1;552;519;2
0;105.1;3;4;276;3;2
178;371.19;41.42;143;344;615;2
397;333.45;301.38;163;823;187;4
0;24.64;0;0;52;0;7
1;20.55;0.25;6;43;39;2
0;18.08;0;0;5;0;4
0;2.32;0;0;5;0;2
0;71.97;0;0;247;0;4
0;33.45;6.5;6;22;0;5
0;145.86;0;0;1086;4;7
0;152.96;37.5;40;291;0;2
315;250.1;234.85;302;1336;111;2
0;0;0;0;0;0;3
0;1.25;0;0;2;0;7
0;2.64;0;0;19;0;2
0;14;0;2;107;3;7
0;0;0;0;0;0;7
0;0;0;0;0;0;7
0;0.28;0;7;6;0;5
0;17.66;0;0;0;0;6
0;0.01;0;0;3;0;7
0;0.94;0;0;11;0;7
0;0.25;0;0;1;0;7
0;0;0;0;0;0;4
0;0.07;0;0;5;0;7
0;0;0;0;0;0;7
0;0.22;0;0;0;3;5
0;3.19;0;0;28;0;7
0;0.01;0;0;3;0;7
0;0;0;0;0;0;7
0;0;0;0;0;0;7
0;22.12;0;0;308;0;7
0;0;0;0;0;0;6
0;2;0;0;26;12;7
0;0;0;0;0;0;2
0;11.9;0;0;123;13;7
0;0;0;0;0;0;7
0;0;0;0;0;0;4
0;0;0;0;0;0;7
0;0;0;0;0;0;7
0;0;0;0;0;0;1
0;1.56;0;0;45;0;7
0;2.09;0;0;0;12;7
0;0;0;0;0;0;7
0;0;0;0;0;0;2
0;0;0;0;0;0;6
0;0;0;0;0;0;4
0;0;0;0;0;0;7
0;0;0;0;0;0;7
0;0;0;0;0;0;7
0;0;0;0;0;0;2
0;0;0;0;0;0;7
27;116.25;31.05;93;455;243;7
0;1.56;0;0;4;0;7
0;3.55;0;0;3;0;3
0;0;0;0;0;0;2
0;0;0;0;0;0;7
0;11.17;0;0;105;0;7
0;0;0;0;0;0;7
0;4.85;0;0;1;59;6
0;117.07;0;0;44;530;7
5;0;0;0;0;0;7
0;265.06;0;0;279;509;7
0;0.07;0;1;5;0;7
0;0;0;0;0;0;7
0;0;0;0;0;0;5
0;20.61;0;0;13;0;6
2;11.67;0;3;80;11;7
0;1.55;0;0;7;0;7
0;2.22;0;0;0;0;7
0;2.53;0;5;11;11;7
0;0;0;0;0;0;7
0;0;0;0;0;0;7
0;0.03;0;0;0;1;7
0;12.71;0;4;85;0;6
0;1.75;0;0;2;0;2
0;0;0;0;0;0;7
0;9.29;0;0;61;0;7
0;0;0;0;0;0;6
0;5.42;0;0;1;0;6
25;2.78;12.42;26;42;34;7
0;0.77;0;5;5;0;2
0;0;0;0;0;0;7
0;0.17;0;0;0;1;7
0;0;0;0;0;0;7
0;0;0;0;0;0;7
0;0.03;0;0;2;0;7
0;0;0;0;0;0;5
0;0;0;0;0;0;7
0;0;0;0;0;0;7
0;0;0;0;0;0;7
0;0;0;0;0;0;2
0;0;0;0;0;0;7
0;3.03;0;0;0;1;7
0;0;0;0;0;0;7
0;6.15;0.75;12;65;5;7
5;114.09;15.25;7;16;2;2
0;0;0;0;0;0;7
0;0;0;0;0;0;2
0;0;0;0;0;0;7
0;2.59;0;0;0;0;7
0;0;0;0;0;0;7
0;9.57;0;0;0;1;7
0;0;0;0;0;0;7
0;0;0;0;0;0;7
0;0;0;0;0;0;7
0;68.19;0;0;60;30;2
0;0;0;0;0;0;7
0;0;0;0;0;0;7
0;0;0;0;0;0;1
0;157.87;0;0;630;0;7
0;0;0;0;0;0;5
0;0;0;0;0;0;7
0;0.28;0.28;6;6;0;7
0;0;0;0;0;0;7
0;0;0;0;0;0;5
0;0;0;0;0;0;7
0;54.36;0;0;6;0;1
0;3.68;0;0;0;0;2
0;0;0;0;0;0;7
0;0;0;0;0;0;7
0;47.86;0;0;8;1;2
0;0;0;0;0;0;5
0;0;0;0;0;0;2
0;0;0;0;0;0;6
0;0;0;0;0;0;6
0;0;0;0;0;0;3
0;1.51;0;0;3;0;2
17;119.25;0;85;457;445;7
0;0;0;0;0;0;7
0;0;0;0;0;0;7
0;0;0;0;0;0;4
0;0;0;0;0;0;7
19;110.66;6.58;34;874;61;7
0;41.47;0;2;242;0;7
0;0;0;0;0;0;5
0;0;0;0;0;0;7
0;1.01;0;0;4;0;7
0;0;0;0;0;0;7
27;61.23;14.99;46;95;371;7
0;0;0.25;1;0;0;2
0;0;0;0;0;0;5
0;0;0;0;0;0;7
0;52.44;0;0;44;1;2
0;0;0;0;0;0;5
0;0;0;0;0;0;7
0;0;0;0;0;0;2
0;31.49;0;0;0;0;7
0;0;0;0;0;0;7
0;0;0;0;0;0;7
0;14.32;0;0;1;0;3
0;0;0;0;0;0;7
0;0;0;0;0;0;4
331;33.19;3.67;131;332;264;2
0;0;0;0;0;0;7
0;0.3;0;0;5;0;1
0;1.75;0;0;0;0;7
0;0;0;0;0;0;7
0;20.75;0;0;0;0;6
0;84.8;0;0;559;4;2
47;14.8;2.97;22;48;166;7
0;0;0;0;0;0;7
0;0;0;0;0;0;7
0;0;0;0;0;0;3
0;7.17;0;0;2;0;6
0;0;0;0;0;0;7
0;0;0;0;0;0;5
5;75.05;22.99;107;266;176;5
83;3.32;0;4;6;18;7
0;0;0;0;0;0;7
0;0;0;0;0;0;5
0;0;0;0;0;0;5
0;0;0;0;0;0;7
0;0;0;0;0;0;6
0;7.6;0;0;88;0;7
0;0;0;0;0;0;7
0;0;0;0;0;0;7
0;0;0;0;0;0;7
0;6.19;0;0;0;0;5
0;0.77;0;0;6;0;7
0;0;0;0;0;0;7
0;0;0;0;0;0;7
6;0;0;0;0;0;7
0;0;0;0;0;0;7
0;0;0;0;0;0;7
0;0;0;0;0;0;7
0;0;0;0;0;0;7
0;0.59;0;2;5;0;6
0;0;0;0;0;0;7
0;2.39;0;0;0;0;7
0;0;0.25;1;0;0;5
125;156.13;27;29;139;142;2
0;52.45;0;0;75;12;7
0;0;0;0;0;0;7
0;0;0;0;0;0;7
0;0;0;0;0;0;6
0;0;0;0;0;0;7
0;393.51;0;0;1072;224;6
0;0;0;0;0;0;5
0;0;0;0;0;0;7
0;0;0;0;0;0;5
0;0;0;0;0;0;7
0;15.93;0;0;261;3;7
0;3.71;0;0;22;0;6
0;8.64;0;0;0;26;1
0;0;0;0;0;0;6
0;2.65;0;0;1;0;6
0;64.26;0;0;165;0;2
0;0;0;0;0;0;7
0;0;0;0;0;0;7
0;5.15;0;0;0;40;7
0;0;0;0;0;0;5
0;3.12;0;0;0;2;7
0;0;0;0;0;0;5
0;0.51;1.25;5;5;0;7
0;0;0;0;0;0;7
0;7.36;0;0;0;0;1
0;0.25;0;0;3;0;5
0;6.13;0;0;34;0;2
401;102.06;103.75;272;106;829;5
0;0;0;0;0;0;7
0;0;0;0;0;0;5
0;0;0;0;0;0;7
0;0;0;0;0;0;2
0;0;0;0;0;0;7
5;35.93;0;1;0;47;1
0;0;0;0;0;0;7
0;0;0;0;0;0;7
0;0;0;0;0;0;6
0;0;0;0;0;0;7
0;6.3;14.5;50;177;77;7
0;0;0;0;0;0;7
0;0;0;0;0;0;7
0;0;0;0;0;0;7
0;0;0;0;0;0;7
0;0;0;0;0;0;2
0;0;0;0;0;0;7
4;33.11;2;3;9;6;2
0;0;0;0;0;0;4
0;0;0;0;0;0;7
0;0;0;0;0;0;7
0;0;0;0;0;0;6
0;0.02;0;0;0;5;4
61;12.81;13.5;61;49;120;7
0;0;0;0;0;0;6
0;10.41;0;0;3;0;2
2;90.29;6.5;14;42;42;2
0;0;0;0;0;0;5
0;0;0;0;0;0;7
0;0;0;0;0;0;1
0;1.99;0;0;5;0;7
0;0;0;0;0;0;7
0;0;0;0;0;0;7
0;0;0;0;0;0;7
0;0;0;0;0;0;7
0;2.83;0;0;79;0;7
0;0;0;0;0;0;7
0;1.07;0;0;5;0;6
0;0;0;0;0;0;5
0;0;0;0;0;0;7
0;0;0;0;0;0;7
0;0;0;0;0;0;7
0;0;0;0;0;0;6
0;373.23;0.05;3;322;536;5
0;0;0;0;0;0;7
0;0;0;0;0;1;7
0;2.81;0;0;10;0;2
0;12.22;0;0;1;4;2
0;0;0;0;0;0;7
0;71.25;0;0;42;0;6
0;0;0;0;0;0;7
0;0;0;0;0;0;7
0;59.3;0;0;183;0;2
0;0;0;0;0;0;7
0;0.67;0;0;0;10;1
0;0;0;0;0;0;7
0;0;0;0;0;0;1
0;0;0;0;0;0;7
0;0;0;0;0;0;7
0;0;0;0;0;0;7
0;35.59;6.25;10;93;0;7
0;0;0;0;0;0;6
0;8.38;0;0;32;0;6
0;1.19;2.75;11;20;0;7
1;30.88;0.5;1;2;38;1
0;0;0;0;0;0;7
0;0;0;0;0;0;2
0;0;0;0;0;0;7
0;0;0;0;0;0;5
4;19.22;0.07;5;69;3;2
0;0;0;0;0;0;7
0;0;0;0;0;0;7
0;0;0;0;0;0;7
0;0;0;0;0;0;3
0;0;0;0;0;0;7
0;0;0;0;0;0;2
0;0;0;0;0;0;7
0;0;0;0;0;0;7
0;0;0;0;0;0;7
0;0;0;0;0;0;7
0;4.09;0;0;0;14;7
0;0;0;0;0;0;7
0;0;0;0;0;0;7
0;0;0;0;0;0;7
0;0;0;0;0;0;7
0;0;0;0;0;0;7
0;19.3;0;0;30;0;2
1;16.62;9.63;10;52;35;2
0;0.54;0;0;5;0;7
0;23.61;0;0;0;6;5
0;0;0;0;0;0;7
0;100.8;0;2;366;0;5
0;0;0;0;0;0;7
3;21.8;1.5;2;74;28;2
0;0;0;0;0;0;7
0;0;0;0;0;0;7
0;30.04;0;0;17;176;6
0;5.88;0;0;3;0;7
0;0;0;0;0;0;7
0;0;0;0;0;0;7
0;0;0;0;0;0;7
0;2.67;0;0;0;0;5
0;0.23;0.13;4;8;10;7
0;0;0;0;0;0;7
0;0;0;0;0;0;2
0;0;0;0;0;0;7
0;0;0;0;0;0;7
0;1.16;0;0;3;0;7
0;6.45;0;0;72;0;7
0;0.07;0;0;0;1;5
0;21.68;0;1;25;26;7
1;0.07;0;1;0;1;7
0;0;0;0;0;0;7
209;75.27;26;93;211;770;7
0;17.79;0;0;1;0;1
0;9.64;0;0;1;0;5
0;119.24;0.5;1;383;0;2
0;122.14;0;0;554;1;2
0;95.08;0;1;60;7;2
0;8.44;0;0;2;0;2
0;0;0;0;0;0;2
0;6.62;0;0;0;0;4
0;25.98;0;0;11;1;4
111;87.99;9.32;97;296;144;2
0;126.87;0;0;340;0;4
0;20.91;0;0;166;2;7
0;27.33;0;0;3;0;4
52;141.46;4.25;7;39;9;2
0;3.25;0;0;9;0;2
178;81.43;1;10;17;11;2
0;209.42;0;0;274;0;2
519;90.17;70.42;515;593;1002;2
0;0;0;0;0;0;7
68;11.09;0;0;0;0;1
0;84.57;1.5;13;414;111;2
0;0;0;0;0;0;7
71;9.98;3.75;5;12;2;1
0;0;0;0;0;0;7
0;0.04;0.08;1;12;0;5
0;0;0;0;0;0;7
0;0;0;0;0;0;5
0;24.79;0;0;0;0;6
6;4.42;0.84;4;80;0;6
0;0;0;0;0;0;5
0;0.25;0;0;1;0;7
0;6.11;0;0;0;0;2
0;0;0;0;0;0;7
0;0;0;0;0;0;7
0;0;0;0;0;0;2
0;0;0;0;0;0;4
0;0;0;0;0;0;7
0;0;0;0;0;0;7
0;0;0;0;0;0;5
0;0;0;0;0;0;7
0;7.86;0;0;4;0;6
0;0;0;0;0;0;7
0;19.04;4.5;21;54;107;7
0;0;0;0;0;0;7
6;40.02;0.67;8;18;10;7
0;4.36;0;1;42;0;7
0;0;0;0;0;0;7
0;0.01;0;0;3;0;7
0;0;0;0;0;0;7
0;281.58;0;0;297;0;7
0;2.78;0;0;67;7;7
0;0;0;0;0;0;7
0;10.11;2.5;3;8;0;1
0;0;0;0;0;0;7
0;0;0;0;0;0;7
0;0;0;0;0;0;7
0;0;0;0;0;0;2
0;10.35;0;2;55;0;7
0;3.52;0;0;6;0;7
39;0.49;0.33;5;29;4;7
0;0;0;0;0;0;7
0;0;0;0;0;0;7
46;34.17;8.75;193;256;0;6
0;3.37;0;0;2;6;2
0;0.21;0;0;0;1;2
2;20.69;0;2;380;2;7
0;0;0;0;0;0;7
0;0;0;0;0;0;7
0;64.16;0;0;345;0;5
0;0;0;0;0;0;7
0;0.32;0;0;0;1;2
0;0;0;0;0;0;1
0;0;0;0;0;0;6
0;2.38;0;0;0;0;1
0;0;0;0;0;0;7
0;0;0;0;0;0;7
0;0;0;0;0;0;7
0;0;0;0;0;0;7
0;0;0;0;0;0;7
0;0;0;0;0;0;7
0;0;0;0;0;3;7
0;0;0;0;0;0;5
416;154.82;45.11;533;566;721;7
1;2.43;0;7;1;24;7
0;7.24;0;0;0;0;6
0;0;0;0;0;0;7
0;0;0;0;0;0;7
0;2.01;0;0;9;0;7
0;0;0;0;0;0;7
0;7.84;0;0;0;0;7
0;0;0;0;0;0;2
0;8.04;0;0;0;0;7
0;0;0;0;0;0;6
0;0;0;1;0;0;7
0;0;0;0;0;0;7
0;0;0;0;0;0;7
0;0;0;0;0;0;7
0;1.05;0;0;0;11;7
0;0;0;0;0;0;7
0;0;0;0;0;0;7
0;0;0;0;0;0;7
0;0;0;0;0;0;7
0;4.11;0;0;2;0;6
0;0;0;0;0;0;7
0;0;0;0;0;0;5
0;0;0;0;1;0;7
0;16.11;0;0;0;0;3
0;0;0;0;0;0;7
2;10.78;0;0;214;0;7
0;3.37;0;0;21;0;2
103;31.4;28.52;125;131;208;7
0;0;0;0;0;0;7
0;6.5;0;0;63;0;7
0;0;0;0;0;0;7
0;0;0;0;0;0;5
0;0;0;0;0;0;7
0;0;0;0;0;0;2
0;0.76;0;0;15;0;7
0;0;0;0;0;0;7
0;0;0;0;0;0;7
0;0;0;0;0;0;7
0;199.64;0;1;162;0;7
0;0;0;0;0;0;4
0;0;0;0;0;0;6
0;0;0;0;0;0;6
0;3.8;0;0;16;0;7
0;0;0;0;0;0;7
0;0;0;0;0;0;2
0;2.64;0;0;1;0;6
0;1.88;0;0;0;0;7
0;0;0;0;0;0;7
0;0;0;0;0;0;7
0;2.62;32.34;38;29;0;6
0;0;0;0;0;0;7
69;57.18;3.58;33;98;206;1
0;0;0;0;0;0;7
0;3.65;0;3;19;0;7
0;6.62;0;2;46;3;7
0;0;0;0;0;0;2
0;0;0;0;0;0;2
0;3.35;0;4;8;0;7
12;41.86;29.75;62;58;198;2
0;8.67;0;16;38;0;7
0;1.64;0.5;2;14;1;7
0;38.54;0;8;202;0;7
0;0;0;0;0;0;7
0;0;0;0;0;0;5
0;0;0;0;0;0;7
0;0;0;0;0;0;7
0;0;0;0;0;0;7
2;9.08;0;31;26;12;5
0;0;0;0;0;0;7
0;0;0;0;0;0;7
0;0;0;0;0;0;5
0;0;0;0;0;0;7
0;0;0;0;0;0;7
0;0;0;0;0;0;7
0;0;0;0;0;0;5
0;0;0;0;0;0;7
0;0;0;0;0;0;7
0;0;0;0;0;0;7
0;0;0;0;0;0;7
4;77.77;5.5;20;118;957;7
0;6.69;0;1;22;0;6
0;0;0;0;0;0;6
0;0;0;0;0;0;7
0;0;0;0;0;0;4
0;13.66;0;0;13;0;6
0;0;0;0;0;0;7
0;0;0;0;0;0;7
0;0;0;0;0;0;7
0;0;0;0;0;0;7
0;0;0;0;0;0;4
0;78.81;32.5;11;33;7;2
0;0;0;0;0;0;3
102;63.33;2.41;56;1006;111;6
0;0;0;0;0;0;5
122;27.53;18.58;134;289;164;2
0;0;0;0;0;0;7
0;0;0;0;0;0;6
0;0;0;0;0;0;7
0;0;0;0;0;0;7
0;0;0;0;0;0;2
0;0;0;0;0;0;7
34;167.44;4.63;17;1051;227;2
0;2.02;0;0;1;1;4
0;0;0;0;1;0;7
0;0;0;0;0;0;4
0;0;0;0;0;0;7
0;0;0;0;0;1;7
0;6.48;0;0;0;0;4
0;0;0;0;0;0;7
0;0;0;0;0;0;7
0;11.95;0;0;16;2;5
0;0;0;0;0;0;7
0;22.97;0;0;0;0;4
0;0;0;0;0;0;5
0;0;0;0;0;0;5
0;0;0;0;0;0;7
0;3.25;0;0;3;0;2
0;0;0;0;0;0;7
0;53.86;0;0;0;54;2
0;0;0;0;0;0;7
5;238.89;0;0;1040;5;6
0;0;0;0;0;0;6
0;0;0;0;0;0;7
0;0;0;0;0;0;7
0;0;0;0;0;0;7
0;0;0;0;0;0;2
0;0;0;0;0;0;7
0;0;0;0;0;0;5
173;97.95;47.42;194;170;443;7
0;0;0;0;0;0;1
0;0;0;0;0;0;7
0;0;0;0;0;0;6
0;26.98;0;0;5;0;4
0;0;0;0;0;0;7
0;2.55;0;0;12;0;7
0;4.92;0;0;2;6;7
0;2.05;0;0;0;0;7
0;0;0;0;0;0;6
0;0;0;0;0;0;5
0;0;0;0;0;0;7
0;107.25;0;0;125;0;4
0;19.43;0;0;138;0;7
0;0;0;0;0;0;7
0;17.51;0;0;5;0;4
0;0;0;0;0;0;7
0;30.15;0;0;8;0;2
0;0;0;0;0;0;7
0;0;0;0;0;0;7
0;4.65;0;0;0;0;2
0;0;0;0;0;0;7
0;0;0;0;0;0;2
0;0;0;0;0;0;7
0;0;0;0;0;2;7
0;2.37;0;0;1;0;6
0;0;0;0;0;0;7
0;0;0;0;0;0;7
0;0;0;0;0;0;2
0;0;0;0;0;0;7
0;0.07;0;0;4;0;2
0;0;0;0;0;0;7
0;0;0;0;0;0;7
0;0;0;0;0;0;5
0;0;0;0;0;0;7
0;0;0;0;0;0;7
0;0;0;0;0;0;7
6;0;0;0;0;0;7
0;0;0;0;0;0;7
0;0;0;0;0;0;4
0;0;0;0;0;0;7
0;0;0;0;0;0;7
0;50.02;3.5;3;71;8;2
31;61.33;12.12;47;85;106;7
0;0;0;0;0;0;7
0;0;0;0;0;0;7
0;0;0;0;0;0;7
0;0.04;0.35;4;3;0;7
0;0;0;0;0;0;6
0;4.11;0;0;2;0;6
0;0;0;0;0;0;7
295;418.66;0;0;1346;45;7
0;0;0;0;0;0;6
0;0;0;0;0;0;7
0;0;0;0;0;0;7
0;73.96;0;0;358;0;2
0;0.27;0;0;5;0;7
0;0;0;0;0;0;5
0;0;0;0;0;0;7
0;0;0;0;0;0;7
0;0;0;0;0;0;5
0;0;0;0;0;0;7
39;0.4;0.18;23;2;2;5
0;3.25;0;1;12;1;7
0;0;0;0;0;0;7
67;201.66;0;52;393;247;2
0;0;0;0;0;0;7
0;0;0;0;0;0;7
0;0;0;0;0;0;7
0;0;0;0;0;0;7
0;13.09;0;0;2;0;6
0;3.86;0;0;0;0;7
0;0;0;0;0;0;7
0;0;0;0;0;0;2
0;0;0;0;0;0;7
0;29.8;0.33;3;211;1;7
1604;222.71;302.71;1386;1533;1137;7
0;0;0;0;0;0;7
0;47.4;0;0;97;59;4
0;0;0;0;0;0;7
0;0;0;0;0;0;7
0;0;0;0;0;0;7
0;0;0;0;0;0;7
0;1.61;0.75;18;17;25;7
0;7.06;0;0;0;25;7
0;0;0;0;0;0;2
0;0;0;0;0;0;7
0;0;0;0;0;0;1
0;0;0;0;0;0;7
15;8.13;4.75;21;102;30;7
0;0;0;0;0;0;7
0;0;0;0;0;0;6
0;0;0;0;0;0;7
0;2.05;0;0;0;0;7
0;2.26;0;0;15;0;7
0;0;0;0;0;0;7
0;0;0;0;0;0;7
0;28.03;0;0;0;0;2
0;0;0;0;0;0;2
0;0;0;0;0;0;7
0;4.37;0;0;0;0;1
1;37.93;0;1;5;1;2
116;79.62;60.5;116;303;91;7
0;35.95;0;0;67;1;6
58;67.61;0;1;3;11;1
0;15.27;0;0;5;0;4
35;125.22;0.8;21;592;15;2
0;3.97;0;0;5;0;5
0;106.71;0;0;461;0;2
0;58.88;0;0;144;0;2
1224;278.17;276.33;1140;3231;2125;2
0;93.13;0;0;204;1;6
0;11.99;0;1;0;0;3
0;6.1;0;0;3;1;6
73;93.34;6;3;19;5;5
0;30.46;0;0;155;1;4
1331;407.06;446.8;1367;1917;2074;4
0;52.59;0;0;9;2;4
420;141.98;91.75;372;554;470;2
0;19.62;0.25;3;206;56;2
0;16.99;0;0;5;0;3
0;74.31;0;0;1;0;7
0;44.51;2.25;1;4;0;1
131;151.95;91.83;115;379;435;1
233;111.89;93.98;9;9;21;1
0;0;0;0;0;0;7
0;0;0;0;0;0;7
0;15.22;0;0;137;0;7
0;8.45;0;0;18;0;7
0;0;0;0;0;0;5
1;0;0;4;0;0;7
0;0;0;0;0;0;7
0;0;0;0;0;0;6
0;0;0;0;0;0;5
0;0;0;0;0;0;7
0;0;0;0;0;0;7
0;0;0;0;0;0;7
25;20.62;7.67;22;463;38;1
0;23.42;3.45;4;236;1;6
0;0;0;0;0;0;5
1533;361.81;298.45;1361;2710;2524;7
0;0;0;0;0;0;5
0;5.79;0;0;18;24;6
0;8.96;0;4;18;0;7
0;0;0;0;0;0;7
0;0;0;0;0;0;1
0;0;0;0;0;0;5
0;0;0;0;0;0;7
0;0;0;0;0;0;7
0;0;0;0;0;0;7
0;0;0;0;0;0;7
0;0;0;0;0;0;7
0;0;0;0;0;0;7
0;0;0;0;0;0;5
0;0;0;0;0;0;7
0;20.63;0;0;0;0;4
0;1.13;0;0;21;0;7
90;105.97;17.68;123;522;273;7
0;3.03;0;0;0;1;7
1952;184.76;228.3;1137;1306;1248;7
1238;389.34;230.95;1212;2120;2054;7
0;0;0;0;0;0;7
7;29.2;0;3;471;138;7
0;0;0;0;0;0;7
0;0.03;0;0;5;0;7
0;0;0;0;0;0;4
0;0;0;0;0;0;7
0;0;0;0;0;0;7
0;0;0;0;0;0;7
0;0.1;0;0;0;2;7
1;9.5;0;16;69;8;7
0;9.9;0;0;116;161;7
0;0;0;0;0;0;7
0;0;0;0;0;0;4
0;0.27;0;0;5;0;7
0;0;0;0;0;0;7
0;78.89;10;16;21;25;2
1204;172.65;674.67;995;1873;1160;7
0;0.52;0;0;4;0;7
0;0;0;0;0;0;7
277;102.78;42.69;139;658;523;7
0;0.05;0;0;2;0;7
0;0;0;0;0;0;7
0;0;0;0;0;0;7
0;0;0;0;0;0;7
0;0;0;0;0;0;7
0;0;0;0;0;0;7
0;65.14;0;1;17;5;2
0;0;0;0;0;0;2
0;1.96;0;1;0;37;5
6;9.16;8.5;21;16;17;2
0;0;0;0;0;0;7
0;2;0;0;2;0;5
0;2.37;0;0;1;0;7
0;0;0;0;0;0;6
0;0;0;0;0;0;7
0;0;0;0;0;0;6
0;12.57;0;1;58;0;7
0;0;0;0;0;0;7
0;0;0;0;0;0;7
0;0;0;0;0;0;7
0;0;0;0;0;0;5
0;0;0;0;0;0;7
1;4.98;5.08;25;129;0;7
0;0;0;0;0;0;6
0;1.77;0;0;7;0;6
0;14.33;0.48;6;108;24;7
0;0;0;0;0;0;7
8;220.85;18;8;210;11;2
0;0;0;0;0;0;5
0;8.53;0;1;51;0;6
0;0;0;0;0;0;7
0;0;0;0;0;0;7
0;0;0;0;0;0;7
7;1.1;1.4;15;15;25;7
0;0;0;0;0;0;7
0;0;0;0;0;0;7
0;0;0;0;0;0;7
0;5.51;0;0;28;0;6
0;0;0;0;1;0;7
53;13.43;4.5;15;11;122;7
0;0;0;0;0;0;6
0;4.26;0;0;0;0;4
0;7.18;0;0;1;0;6
0;0;0;0;0;0;7
0;0;0;0;0;0;7
14;67.68;1.33;7;222;10;2
0;0;0;0;0;0;7
0;0;0;0;0;0;7
0;0;0;0;0;0;2
0;0.02;0;0;0;0;6
0;0;0;0;0;0;7
167;55.29;42.72;177;441;309;7
0;2.46;0;0;0;0;7
0;0;0;0;0;0;7
0;0;0;0;0;0;7
0;0;0;0;0;0;7
0;0;0;0;0;0;7
0;2.02;0;0;18;0;2
461;43.14;74.7;308;422;442;6
0;7.29;0;0;14;0;6
0;1.14;0;0;16;7;7
0;0.58;0;0;0;0;6
0;0.74;0;0;8;0;7
0;0;0;0;0;0;7
0;2.37;0;0;1;0;2
0;0;0;0;0;0;7
0;0;0;0;0;0;7
0;8.86;0;0;29;0;7
0;0;0;0;0;0;4
1524;431.27;287.38;1309;1739;2660;2
0;0;0;0;0;0;7
0;0;0;0;0;0;7
0;0;0;0;1;0;7
0;0;0;0;0;0;5
0;0;0;0;0;0;7
0;0;0;0;0;0;5
0;0;0;0;0;0;7
0;0;0;0;0;0;2
0;4.17;0;0;24;0;2
0;0;0;0;0;0;7
0;0;0;0;0;0;6
0;0;0;0;0;0;6
0;0;0;1;0;0;7
0;0;0;0;0;0;5
0;0;0;0;0;0;5
0;0;0;0;1;0;7
87;49.07;1.41;67;818;105;7
0;3.11;0;0;0;0;6
0;15.64;0;0;2;42;7
0;0;0;0;0;0;7
0;153.24;0;0;528;0;2
0;10.98;0;0;0;0;3
0;0;0;0;0;0;3
0;0;0;0;0;0;7
0;0;0;0;0;0;7
0;4.15;0;0;2;0;2
0;0;0;0;0;0;7
0;0;0;0;0;0;1
0;0;0;0;0;0;7
0;0;0;0;0;0;7
0;0;0;0;0;0;7
37;41.25;5.47;123;672;21;6
0;0;0;0;0;0;7
0;0;0;0;0;0;5
0;0;0;0;0;0;1
0;0;0;0;0;0;6
0;0;0;0;0;0;6
0;0;0;0;0;0;7
0;0;0;0;0;0;7
0;0;0;0;0;0;7
0;0;0;2;0;0;7
0;0;0;0;0;0;5
0;0;0;0;0;0;7
0;0.25;0;0;0;2;7
0;0;0;0;0;0;7
0;0;0;0;0;0;7
0;0;0;0;0;0;7
0;0;0;0;0;0;7
0;0;0;0;0;0;7
0;0;0;1;0;0;7
0;78.79;0;0;129;9;1
0;0;0;0;0;0;7
0;0;0;0;0;0;7
0;0;0;0;0;0;6
0;0;0;0;0;0;7
0;0;0;0;0;0;5
0;0;0;0;0;0;7
0;0;0;0;0;0;7
0;0;0;0;0;0;6
0;0;0;0;0;0;6
0;4.55;0;6;10;0;7
0;27.83;2.6;6;166;0;7
0;0;0;0;0;0;7
3;5.72;0;0;205;0;2
0;0;0;0;0;0;7
0;0;0;0;0;0;7
0;0;0;0;0;0;2
0;0;0;0;0;0;6
0;25.16;0;0;0;6;3
0;0;0;0;0;0;2
0;0;0;0;0;0;7
17;0.79;0;1;11;13;7
0;0;0;0;0;0;7
0;1.77;0;0;0;0;6
0;0;0;0;0;0;7
0;0.02;1.42;5;5;0;7
0;0;0;0;0;0;7
0;0.06;0;0;0;1;7
0;28.63;0;0;0;0;5
0;0;0;0;0;0;7
0;2.82;0;0;5;0;7
0;0.25;0;0;1;0;7
0;0;0;0;0;0;6
0;0;0;0;0;0;5
0;10.09;0;0;1;2;2
0;0;0;0;0;0;7
0;0;0;0;0;0;7
0;0;0;0;0;0;7
0;0;0;0;0;0;2
0;0;0;0;0;0;7
0;0;0;0;0;0;2
0;0;0;0;0;0;7
0;0;0;0;0;0;7
0;0;0;0;0;0;7
1;13.2;0;0;60;0;4
0;0;0;0;0;0;5
0;0;0;0;0;0;7
6;0.67;1.5;6;6;14;7
321;167.01;2740.58;309;507;743;7
0;0;0;0;0;0;7
0;42.82;0;0;4;2;4
0;0;0;0;0;0;7
0;0;0;0;0;0;5
0;0;0;0;0;0;7
0;0;0;0;0;0;7
0;0;0;0;0;0;7
0;3.27;0;0;0;0;6
0;0;0;0;0;0;7
0;0;0;0;0;0;5
0;45.57;0;0;236;35;1
0;0.1;0.08;3;7;0;7
0;42.97;0;0;57;0;1
0;0;0;0;0;0;1
0;0;0;0;0;0;1
0;0;0;0;0;0;2
0;0;0;0;0;0;5
0;0;0;0;0;0;7
0;10.64;0;0;47;0;1
0;0.61;0;0;4;0;7
0;0;0;0;0;0;7
0;81.21;1.17;16;366;81;2
0;0.54;0;0;4;0;7
0;0;0;0;0;0;7
0;0;0;0;0;0;7
0;57.47;0;0;0;0;6
461;43.14;74.7;308;422;442;7
51;48.85;12.91;45;163;184;4
1212;294.94;252.25;1145;1238;2487;7
0;0;0;0;0;0;7
3;43.46;2.5;6;37;73;2
0;91.35;0;0;2;41;5
0;0;0;0;0;0;7
0;0;0;0;0;0;5
68;29.83;47.38;112;255;84;5
0;15.43;0;0;160;0;7
20;26.29;38.08;118;250;163;7
0;2.19;0;0;0;0;7
0;0;0;0;0;0;7
0;0;0;0;0;0;7
0;1.08;0;0;4;0;7
0;0;0;0;0;0;7
0;0;0;0;0;0;7
1158;120.33;88.6;592;1315;815;7
35;14.94;331.87;364;425;40;7
0;0;0;0;0;0;7
0;9.94;0;0;52;0;6
0;1.23;0;0;0;0;7
0;0;0;0;0;0;7
0;0;0;0;0;0;7
0;0;0;0;0;0;2
2;136.99;58.58;55;349;82;1
0;2.06;0;0;0;0;1
0;0;0;0;0;0;5
0;4.46;0;0;0;0;7
274;59.41;92.88;247;278;429;7
0;0.1;0;0;5;0;7
0;0;0;0;0;0;7
0;36.13;0;0;3;0;7
436;133.25;1;26;504;2;5
0;9.8;0;0;2;0;5
0;33.88;0;0;19;0;2
0;32.23;0;0;10;0;2
305;351.11;73.5;281;1292;979;2
0;91.42;0;0;2;0;3
0;95.66;0;0;573;0;7
0;0;0;0;0;0;3
443;164.86;80.17;401;1143;696;6
71;15.11;0;1;1;46;2
0;1;0;0;1;0;7
0;0;0;0;0;0;5
0;0;0;0;0;0;6
0;0;0;0;0;0;5
0;0;0;0;0;0;7
0;0;0;0;0;0;7
0;0;0;0;0;0;7
1654;237.54;311.05;1446;1590;1620;7
0;0;0;0;0;0;7
0;0;0;0;0;0;2
0;0.28;0;0;1;1;7
0;0;0;0;0;0;7
0;0;0;0;0;0;6
0;241.42;255.83;1057;1310;2102;7
0;0;0;0;0;0;7
143;0.32;0;0;0;16;7
0;0;0;0;0;0;7
0;0;0;0;0;0;7
0;0;0;0;0;0;7
0;0;0;0;0;0;7
0;0;0;0;0;0;7
0;13.9;0;0;9;13;4
0;0;0;0;0;0;6
0;0;0;0;0;0;7
1346;225.42;894.38;1343;1619;327;2
0;0;0;0;0;0;7
0;0;0;0;0;0;7
0;0;0;0;0;0;7
0;0;0;0;0;0;7
0;27.28;0;0;5;122;7
0;0;0;0;0;0;7
0;0;0;0;0;0;7
0;0;0;0;0;0;7
0;0;0;0;0;0;7
14;197.11;18.38;18;216;29;6
0;0;0;0;0;0;7
0;0;0;0;0;0;7
0;0;0;0;0;0;6
0;0;0;0;0;0;7
0;0;0;0;0;0;7
0;0;0;0;0;0;7
0;0;0;0;0;0;7
0;0;0;0;0;0;7
0;0;0;0;0;0;7
0;35.01;0;9;237;0;7
0;0;0;0;0;0;7
183;45.66;119.22;343;861;257;7
0;0.06;0;0;5;0;7
0;2;0;0;0;0;7
0;0;0;0;0;0;7
0;0;0;0;0;0;7
0;0;0;0;0;0;7
0;0;0;0;0;0;7
0;0;0;0;0;0;7
0;0;0;0;0;0;7
0;0;0;0;0;0;7
0;4.15;0;0;2;0;6
0;0;0;0;0;0;7
0;1;0;0;1;0;7
0;0;0;4;0;0;2
0;0;0;0;0;0;7
0;0;0;0;0;0;7
0;0;0;0;0;0;7
0;0;0;0;0;0;7
0;0;0;0;0;0;7
0;0;0;0;0;0;5
0;0;0;0;0;0;2
0;0;0;0;0;0;7
0;0;0;0;0;0;7
0;5.32;0;0;1;0;7
0;0;0;0;0;0;7
0;0;0;0;0;0;7
0;103.6;0;0;487;0;1
0;0;0;0;0;0;7
0;0;0;0;0;0;7
0;0;0;0;0;0;7
0;0;0;0;0;0;6
0;0;0;0;0;0;5
8;5.06;0.52;37;65;0;7
0;0;0;0;0;0;5
1;1.43;0;1;22;3;7
0;55.58;0;0;558;0;7
5;8.45;0.08;6;7;10;6
0;0;0;1;0;0;7
0;0;0;0;0;0;7
0;5.84;0;0;2;0;2
1381;416.83;270.97;1347;1835;2400;7
0;0;0;0;0;0;4
254;69.19;27.43;235;694;190;7
289;54.45;63.35;313;402;573;7
0;0;0;0;0;0;7
0;26.7;0;0;139;0;7
0;0.17;0;0;6;0;2
0;0;0;0;0;0;7
0;0.29;0;8;10;0;7
0;566.78;0;0;534;12;2
0;0.19;0;0;4;0;7
13;0;0;0;0;0;5
0;0;0;0;1;0;7
0;0;0;0;0;0;6
0;0;0;0;0;0;7
0;0;0;0;0;0;7
0;0.2;0;0;1;0;7
0;0;0;0;0;0;4
0;0;0;0;0;0;6
0;0;0;0;0;0;5
0;0;0;0;0;0;6
0;10.96;0;0;0;15;6
34;15.77;5.9;38;383;58;7
0;10.31;0;0;0;0;2
0;12.91;0;1;84;0;5
0;62.08;1.25;36;220;41;6
0;1.08;0;0;5;0;7
0;0;0;0;0;0;7
0;4.29;0;0;26;0;7
0;0;0;0;0;0;7
0;64.61;0;5;268;18;5
35;8.9;0.34;25;116;38;6
0;14.33;0.48;6;108;24;6
0;6.06;0;0;59;12;7
0;13.92;0;0;0;4;6
0;0;0;0;0;0;7
0;0;0;0;0;0;7
0;5.61;0;0;9;0;7
0;10.1;0;0;1;0;2
0;0;0;0;0;0;7
0;0;0;0;0;0;7
0;0;0;0;0;0;5
0;0;0;0;0;0;6
0;0;0;0;0;0;6
0;0;0;0;0;0;7
0;14.77;0;0;0;0;2
0;0.5;0;0;1;0;7
0;0;0;0;0;0;7
0;0;0;0;0;0;7
0;4.26;0;0;0;0;3
53;6.49;0;0;3;9;7
0;0;0;0;0;0;7
0;209.18;0;0;372;76;4
0;0;0;0;0;0;2
0;18.38;0;0;4;0;1
0;0;0;0;0;0;2
0;0;0;0;0;0;7
0;0;0;0;0;0;7
0;0;0;0;0;0;7
1;16.95;1.5;1;4;12;1
0;0;0;0;0;0;7
162;163.12;22.92;87;370;391;1
0;0;0;0;0;0;7
0;0;0;0;0;0;6
0;28.35;0;0;6;0;1
0;2.92;0;0;0;1;6
0;0;0;0;0;0;6
0;0;0;0;0;0;7
0;7.19;0;0;0;0;5
0;0;0;0;0;0;7
0;0.44;0;0;0;5;1
0;0;0;0;0;0;7
0;0;0;0;0;0;7
0;0;0;0;0;0;7
0;14.93;0;0;46;156;2
0;0;0;0;0;0;1
0;115.01;0;14;376;4;2
0;0;0;0;0;0;7
0;0;0;0;0;0;7
0;4;0;0;3;0;6
0;0;0;0;0;0;6
0;0;0;0;0;0;7
0;0;0;0;0;0;7
0;0.36;0;0;0;5;5
0;0.38;0;0;0;3;7
0;0;0;0;0;0;7
1022;438.58;200.5;895;1393;1480;4
0;0;0;0;0;0;7
0;4.14;0;0;12;7;6
5;0;0;0;0;0;7
26;6.51;1.75;105;135;0;6
0;50.8;2.25;23;421;0;7
125;73.32;4.92;70;1193;79;2
0;45.63;0;0;136;12;2
0;0;0;0;0;0;7
0;1.15;0;0;1;3;2
0;0;0;0;0;0;7
0;0.26;0;0;0;1;7
0;9.04;0;0;29;0;6
0;0;0;0;0;0;7
0;0;0;0;0;0;7
0;0;0;0;0;0;7
0;0;0;0;0;0;7
0;29.67;0;0;92;3;6
0;0;0;0;0;0;6
0;14.12;0;0;20;0;6
0;267.64;0;31;629;168;2
0;0;0;0;0;0;7
0;0.3;0;0;4;0;7
0;7.72;0;0;3;0;6
0;0;0;0;0;0;7
0;177.52;0;0;324;0;6
0;13.3;0;0;3;1;2
0;0;0;0;0;0;7
0;0;0;0;0;0;7
0;0;0;0;0;0;7
0;0;0;0;0;0;7
0;7.95;0;0;0;0;5
0;0;0;0;0;0;7
0;0;0;0;0;0;7
0;0.06;0;0;3;0;7
0;0;0;0;0;0;7
0;0;0;0;0;0;7
0;0;0;0;0;0;4
0;0;0;0;0;0;7
0;0;0;0;0;0;7
0;0;0;0;0;0;5
0;0;0;0;0;0;7
0;3.59;0;38;14;0;7
0;0;0;0;0;0;7
0;0;0;0;0;0;6
0;0;0;0;0;0;7
0;0;0;0;0;0;5
0;0;0;0;0;0;7
0;11.2;0;0;0;3;7
36;214.67;0.5;120;486;770;7
0;0;0;0;0;0;7
0;0;0;0;0;0;7
0;0;0;0;0;0;7
7;0.01;0;2;1;0;7
0;0.6;0;0;0;12;2
0;0;0;0;0;0;1
0;0;0;0;0;0;4
0;0;0;0;0;0;4
0;0;0;0;0;0;7
0;0;0;0;0;0;7
0;8.12;0;0;3;0;2
0;0;0;0;0;0;6
0;0;0;0;0;0;6
0;2.1;0;0;0;0;7
0;0;0;0;0;0;1
0;0;0;0;0;0;5
0;0;0;0;0;0;7
0;0;0;0;0;0;4
0;0.51;0;1;5;0;7
0;0;0;0;0;0;7
0;8.37;0;0;23;0;7
0;15.93;0;0;15;23;7
6;4.05;2.84;36;54;9;7
0;0;0;0;0;0;7
0;24.73;0;0;11;0;1
0;0;0;0;0;0;4
0;0;0;0;0;0;6
0;57.07;0;0;13;0;6
0;0;0;0;0;0;7
0;0;0;2;0;0;7
0;0;0;0;0;0;7
0;0;0;0;0;0;7
0;0;0;0;0;0;7
0;0;0;0;0;0;5
0;17.6;0;0;38;97;1
0;0;0;0;0;0;7
312;133.39;2.25;9;637;52;7
0;0;0;0;0;0;6
0;0;0;0;0;0;7
0;0;0;0;0;0;7
0;1.5;0.77;3;6;0;7
1483;214.29;252.37;1228;1553;1342;7
0;0;0;0;0;0;7
0;0;0;0;0;0;2
0;0;0;0;0;0;7
0;0;0;0;0;0;7
0;3.1;0;0;1;1;7
0;22.67;0;0;12;0;2
173;88.23;34.42;157;230;419;7
0;0;0;0;0;0;7
2356;175.54;444.7;1400;1931;949;2
0;0;0;0;0;0;7
0;0;0;0;0;0;7
0;38.07;0;0;157;43;2
0;0.33;0;0;5;0;7
0;0;0;0;0;0;7
0;0;0;0;0;0;7
0;0;0;0;0;0;7
0;0;0;0;0;0;6
316;129.52;0;0;637;110;1
0;2.03;0;0;0;0;7
0;0.19;0.25;2;5;1;7
430;116.67;120.82;393;527;811;7
80;32.91;7.25;64;253;74;7
0;0;0;0;0;0;7
0;10.87;0;0;28;0;7
0;2.02;0;0;0;0;7
1568;203.34;454.91;1063;1715;816;7
0;5.01;0;0;15;0;7
52;29.21;11.25;45;82;118;7
0;0;0;0;0;0;7
0;0;0;0;0;0;7
0;77.23;0;0;299;11;2
0;44.02;0;0;173;0;7
0;0.34;0.5;2;5;3;7
0;32.62;1.5;1;0;4;3
0;45.63;0;0;136;12;2
0;21.69;0;1;163;4;6
0;19.35;0;0;25;2;2
311;279.33;19.83;142;898;208;2
447;330.7;175.35;441;1192;668;2
3;191.68;43.66;19;650;0;2
0;21.7;0;0;1;0;3
2;26.5;0.5;2;67;0;5
0;15.98;0;0;1;0;2
0;5.2;0;0;5;21;6
0;1.35;0;0;5;7;7
0;1.44;0;0;0;8;7
338;206.38;18.58;69;657;211;6
1055;434.11;742.42;1073;1246;1463;2
0;26.23;0;0;2;0;1
0;3.98;0.92;4;30;0;2
0;23.43;0;0;0;1;3
0;0;0;0;0;0;7
0;113.19;0;0;21;344;1
0;121.97;3.5;4;24;4;6
0;48.35;0;0;0;232;2
0;0;0;0;0;0;6
0;0;0;0;0;0;2
0;0;0;0;0;0;2
0;0;0;0;0;0;7
0;0;0;0;0;0;7
0;0;0;0;0;0;7
0;189.76;0;0;1424;0;2
0;0;0;0;0;0;7
0;0;0;0;0;0;7
0;0;0;0;0;0;2
0;4.38;0;0;1;0;2
0;0;0;0;0;0;7
0;0;0;0;0;0;1
0;0;0;0;0;0;5
0;230.86;0;0;928;0;7
0;0;0;0;0;0;7
0;0;0;0;0;0;7
0;0;0;0;0;0;7
0;2.66;0;0;0;0;7
0;0;0;0;0;0;7
11;18.44;6.75;24;357;14;7
0;10.87;0;0;49;2;7
0;0;0;0;0;0;7
0;0;0;0;0;0;2
0;0;0;0;0;0;1
0;0;0;0;0;0;2
0;0;0;0;0;0;7
0;0;0;0;0;1;7
0;0;0;0;0;0;4
0;9.62;0;0;9;0;6
0;0;0;0;0;0;7
0;0;0;0;0;0;5
0;0;0;0;0;0;7
0;0;0;0;0;0;5
0;0;0;0;0;0;7
0;0;0;0;0;0;5
0;0;0;0;0;0;7
0;0;0;0;0;0;7
0;0;0;0;0;0;6
0;1.67;0;0;0;0;7
0;0;0;0;0;0;7
0;1.01;0;0;4;0;1
0;0;0;0;0;0;7
0;0;0;0;0;0;6
0;0;0;0;0;0;7
0;0.74;0;6;12;0;7
0;0;0;0;0;0;7
0;0;0;0;0;0;7
0;0;0;0;0;0;1
0;0;0;0;0;0;1
0;0;0;0;0;0;7
8;13.69;4.75;18;154;29;7
0;0;0;0;0;0;7
0;54.22;0;0;181;0;6
0;0;0;0;0;0;7
0;0;0;0;0;0;5
0;81.99;6;3;52;2;2
0;0;0;0;0;0;7
0;0;0;0;0;0;7
0;0;0;0;0;0;7
0;0.04;0.33;8;2;2;7
0;0;0;0;0;0;7
0;4.69;0;0;36;4;5
0;1.3;0;0;3;6;2
0;0;0;0;0;0;7
0;0;0;0;0;0;7
0;5.07;0;0;0;0;5
0;0;0;0;0;0;7
0;0;0;0;0;0;7
4;19.96;0;2;3;12;5
0;0;0;0;0;0;7
0;0;0;0;0;0;7
0;7.72;1.5;8;17;0;7
0;0;0;0;0;0;7
0;0;0;0;0;0;7
0;0;0;0;0;0;7
0;0;0;0;0;0;7
0;0;0;0;0;0;7
0;5.91;0.25;1;38;0;2
0;2.57;0;0;8;0;7
0;15.53;0;1;43;0;4
0;0;0;0;0;0;7
0;3.13;0;0;2;10;7
0;38.51;0;0;106;0;7
0;0;0;0;0;0;7
0;0;0;0;0;0;7
0;2.41;0;0;0;3;7
0;0;0;0;0;0;7
0;0.85;0;0;9;0;7
0;0;0;0;0;0;5
0;61.89;0;0;79;0;3
6;152.6;8.5;3;169;37;1
0;0;0;2;0;0;5
0;0;0;0;0;0;7
0;1.49;0;0;24;0;7
0;0.53;0;0;4;0;7
0;0;0;0;0;0;5
0;0;0;0;0;0;5
0;27.36;0;1;8;0;7
0;0;0;0;0;0;7
0;0;0;0;0;0;7
0;0;0;0;0;0;7
0;1.18;0;0;0;0;3
0;2.65;0;0;1;0;6
0;118.56;1.5;1;76;32;7
0;0;0;0;0;0;7
0;0;0;0;0;0;3
0;1;0;0;1;0;7
0;0;0;0;0;0;7
0;0;0.08;6;0;0;6
0;65.25;0;0;5;147;7
0;5.02;0;0;14;23;7
0;23.28;0;0;103;52;7
0;0;0;0;0;0;7
0;2.48;0;0;3;6;2
0;366.42;0;1;603;386;7
0;0;0;0;0;0;5
0;0;0;0;0;0;7
0;0;0;0;0;0;1
0;2.8;0;0;8;1;2
0;0;0;0;0;0;2
0;1.44;0;0;57;0;7
0;0;0;0;0;0;5
0;6.12;0;0;5;0;7
0;0;0;0;0;0;6
0;0;0;0;0;0;7
0;0;0;0;0;0;7
0;0;0;0;0;0;7
0;20.96;0;0;11;0;2
0;2.65;0;0;1;0;6
0;9.23;0;0;0;0;7
0;0;0;2;0;0;4
0;0;0;0;0;0;7
29;140.03;37.75;74;450;779;7
0;0;0;0;0;0;7
0;0;0;0;0;0;6
0;18.83;0;0;317;0;7
0;0;0;0;0;0;7
0;0;0;0;0;0;6
0;1.33;0;0;4;0;7
0;0;0;0;0;0;7
0;0;0;0;0;0;5
0;0;0;0;0;0;7
0;13.52;0;1;41;28;2
0;0;0;0;0;0;2
63;162.24;5.75;67;1435;188;7
0;0;0;0;0;0;5
0;14;5.5;24;83;5;6
0;0;0;0;0;0;7
94;20.81;26.98;108;120;181;7
5;0.18;0;1;12;5;2
0;29.31;0;0;6;0;6
0;0;0;0;0;0;1
0;0;0;0;0;0;7
0;0;0;0;0;0;6
0;2.7;0;0;8;0;7
0;0;0;0;0;0;7
0;0;0;0;0;0;7
0;0;0;0;0;0;7
0;0;0;0;0;0;7
0;37.25;2.33;9;63;4;2
0;0;0;0;0;0;5
6;0.06;0;0;5;0;7
0;31.19;0;4;9;0;1
0;0;0;0;0;0;7
0;0;0;0;0;0;7
0;0;0;0;0;0;7
0;0;0;0;0;0;2
0;21.6;0;0;12;1;3
0;0;0;0;0;0;7
0;3.38;1.42;11;48;14;7
0;324.77;0;0;1624;738;4
0;0;0;0;0;0;4
0;0.29;0;0;11;0;7
1217;227.04;270.56;1090;1099;2164;7
0;71.83;0;0;39;0;2
0;3.58;0;0;1;0;3
0;0;0;0;0;0;7
0;0;0;0;0;0;7
0;2.54;0;0;0;0;7
0;0;0;0;0;0;7
0;52.65;0;0;40;0;4
0;0;0;0;0;0;7
0;0;0;0;0;0;7
0;0;0;0;0;0;7
0;15.2;0;0;9;28;6
0;1.01;0;0;0;6;1
0;0;0;0;0;0;7
0;0;0;0;0;0;5
0;0;0;0;0;0;7
0;0;0;0;0;0;7
0;0;0;0;0;0;1
0;0;0;0;0;0;7
0;2.61;0;0;1;0;6
0;4.42;0;0;0;0;1
0;0;0;0;0;0;5
0;0;0;0;0;0;7
0;50.57;0;0;252;0;5
0;0;0;0;0;0;7
0;0;0;0;0;0;7
0;0;0;0;0;0;7
0;210.76;15;8;944;5;2
0;76.17;0;1;91;927;7
924;374.73;681;1161;1211;1852;4
0;118.62;0;0;174;73;4
0;0;0;0;0;0;5
55;7.88;0.67;1;2;1;1
0;0;0;0;0;0;7
0;0;0;0;0;0;5
0;0;0;0;0;0;2
0;0;0;0;0;0;7
0;0;0;0;0;0;7
0;0;0;0;0;0;7
0;0;0;0;0;0;7
0;0;0;0;0;0;7
0;0;0;0;0;2;7
0;0;0;0;0;0;6
0;0;0;0;0;0;7
15;37.69;4.42;38;499;105;5
0;0;0;0;0;0;2
0;45.69;0;0;103;70;7
0;0;0;0;0;0;7
0;57.8;0;0;1300;2;1
0;0;0;0;0;0;7
0;0;0;0;0;0;7
0;0;0;0;0;0;6
0;0;0;0;0;0;7
0;2.59;0;0;1;0;6
0;0;0;0;0;0;2
0;0;0;0;0;0;7
0;0;0;0;0;0;5
0;0;0;0;0;0;7
0;4.82;0;0;0;48;7
0;8.5;0;7;6;0;7
0;0;0;0;0;0;7
0;0;0;0;0;0;7
0;0;0;0;0;0;7
0;0;0;0;0;0;5
0;0;0;0;0;0;6
0;6.02;0;0;2;0;7
0;0;0;0;0;0;7
0;0;0;0;0;0;7
0;0;0;0;0;0;7
3;0.05;1.5;9;10;0;7
0;0;0;0;0;0;7
2;15.94;2.83;10;82;11;7
18;77.39;23;78;127;708;7
0;0;0;0;0;0;7
0;0;0;0;0;0;7
0;4.95;0;0;1;0;7
0;0;0;0;0;0;6
0;11.2;0;0;3;0;6
0;0;0;0;0;0;7
0;0;0;0;0;0;2
0;0;0;0;0;0;5
0;0;0;0;0;0;5
0;0;0;0;0;0;7
461;249.88;0;1;1249;127;6
0;0;0;0;0;0;7
0;0;0;0;0;0;2
1841;277.02;282.47;1280;1538;2302;7
0;9.66;0;0;2;1;3
0;0;0;0;0;0;7
0;0;0;0;0;0;7
0;0;0;0;0;0;7
0;0;0;0;0;0;6
0;0;0;0;0;0;7
0;0;0;0;0;0;7
0;0;0;0;0;0;7
0;0;0;0;0;0;6
0;0;0;0;0;0;5
54;63.33;28.13;22;71;98;2
1;0;0;0;0;0;7
0;3.48;0;0;0;0;4
1511;224.5;685.19;1345;2550;1208;7
0;0;0;0;0;0;7
0;0;0;0;0;0;7
0;13.82;0;0;328;5;7
0;0;0;0;0;0;7
0;0;0;0;0;0;7
0;24.27;0;0;57;0;7
0;3.36;0;0;0;35;7
0;0;0;0;0;0;7
0;82.05;0;1;143;226;6
0;0;0;0;0;0;7
70;19.19;21.33;91;152;208;7
0;1.35;0;0;33;1;2
0;19.63;0;0;0;0;5
0;0.34;0;0;3;0;7
0;97.41;24.67;26;246;11;2
0;22.31;0;0;8;0;6
0;13.49;0;0;30;0;2
0;19.37;0;0;51;12;5
0;35.77;0;0;88;1;2
0;34.16;0;1;7;0;2
0;299.37;0;0;1170;4;2
0;124.21;0;0;92;0;3
392;137.65;167.14;773;1219;560;2
0;2.76;0;0;4;0;2
0;30.91;0;0;0;0;2
0;79.45;2;3;9;107;1
0;9.99;0.25;1;9;0;4
0;32.73;1;1;3;0;6
932;388.9;234.5;893;1535;1584;2
0;0;0;0;0;0;1
0;80.19;3.42;4;108;1;2
0;0;0;0;0;0;7
0;0;0;0;0;0;7
0;0;0;0;0;0;7
0;0;0;0;0;0;2
0;0;0;0;0;0;1
0;0;0;0;0;0;7
0;0;0;0;0;0;5
0;1.63;0;0;0;0;7
0;26.07;0;0;73;187;2
0;87.69;0;0;745;0;4
0;0;0;0;0;0;6
0;0;0;0;0;0;7
0;0;0;0;0;0;7
0;0;0;0;0;0;5
0;0;0;0;0;0;5
0;9.68;0;0;0;0;7
0;0;0;0;0;0;5
0;8.97;0;1;10;0;1
0;0;0;0;0;0;1
0;2.01;0;0;0;3;7
0;6.12;0;0;5;0;2
0;0;0;0;0;0;7
0;0;0;0;0;0;7
0;0;0;0;0;0;7
0;1.49;0;0;3;3;7
0;3.5;2.75;11;14;0;5
0;0;0;0;0;0;7
0;0;0;0;0;0;5
0;0;0;0;0;0;7
0;0;0;0;0;0;6
0;0;0;0;0;0;6
0;0;0;0;0;0;7
0;0;0;0;0;0;7
0;0;0;0;0;0;1
0;0;0;0;0;0;7
0;7.97;0;0;49;22;7
0;0;0;0;0;0;5
0;0;0;0;0;0;7
0;0;0;0;0;0;1
0;0.25;0;0;1;0;7
0;0;0;0;0;0;2
30;1.59;0.22;20;36;18;7
0;0;0;0;0;1;7
0;0;0;0;0;0;7
0;0;0;0;0;0;6
0;0;0;0;0;0;4
0;0.32;0;2;0;4;1
37;71.6;15.36;162;902;30;7
0;0;0;0;0;0;7
0;2.23;3.83;17;38;1;7
0;6.34;13.52;50;77;8;7
0;0;0;0;0;0;5
0;0;0;0;0;0;7
0;0;0;0;0;0;7
0;2.6;0;0;1;0;6
0;5.54;0;0;9;11;2
0;0;0;0;0;0;7
5;49.91;3;15;95;12;7
0;0;0;0;0;0;7
0;22.77;0;1;233;0;7
0;0.34;0;0;5;5;7
0;0;0;0;0;0;6
0;0;0;0;0;0;7
0;0.25;0;0;0;1;7
0;0;0;0;0;0;7
0;4.1;0;0;2;0;2
5;3.25;0;0;11;20;7
0;0;0;0;0;0;1
0;0;0;0;0;0;7
12;19.35;3.95;17;202;22;7
0;2.39;0;0;9;0;6
0;0;0;0;0;0;1
0;0;0;0;0;1;7
0;0;0;0;0;0;7
0;0;0;0;0;0;7
0;0;0;0;0;0;2
0;0.75;0;0;1;2;4
0;0;0;0;0;0;7
0;218.52;0;2;1645;26;1
0;0;0;0;0;0;7
0;0;0;0;0;0;7
0;0;0;0;0;0;2
0;1.78;0;0;11;2;4
0;0;0;0;0;0;2
0;0;0;0;0;0;4
0;0;0;0;0;0;7
0;1.81;1.5;6;35;0;7
0;38.65;0;0;235;0;2
5;0.69;0;0;0;12;3
0;0;0;0;0;0;7
20;0.63;0;0;0;2;7
0;0;0;0;0;0;7
0;0;0;0;0;0;6
0;0;0;0;0;0;5
0;0;0;0;0;0;7
0;0;0;0;0;0;7
0;0;0;0;0;0;7
0;0;0;0;0;0;7
62;20.58;18.65;63;115;114;7
0;17.32;0;2;117;2;2
0;0.03;0;0;0;2;7
0;0;0;0;0;0;7
0;0;0;0;0;0;7
0;0;0;0;0;0;5
0;0;0;0;0;0;7
0;0;0;0;0;0;7
0;0;0;0;0;0;7
0;1.85;0;0;0;0;7
0;0;0;0;0;0;7
0;0;0;0;0;0;7
10;280.79;13.25;11;959;22;2
0;15.46;1;2;37;22;4
0;0;0;0;0;0;6
0;0;0;0;0;0;5
0;0;0;0;0;0;7
0;0;0;0;0;0;7
0;0;0;0;0;0;7
0;20.14;2.75;6;169;0;2
0;0;0;0;0;0;7
0;19.2;0;0;49;0;6
376;91.53;94.52;124;118;762;7
0;0;0;0;0;0;7
0;0;0;0;0;0;7
0;0;0;0;0;0;6
1;34.42;0;15;153;0;4
0;0;0;0;0;0;7
0;0;0;0;0;0;2
0;0;0;0;0;0;7
0;0;0;0;0;0;5
0;0;0;0;0;0;7
0;0;0;0;0;0;6
0;0;0;0;0;0;7
0;0;0;0;0;0;7
0;15.98;0;2;46;2;7
0;0;0;0;0;0;7
0;0.07;0;0;0;1;7
0;8.51;0;0;12;0;5
0;0;0;0;0;0;7
0;1.81;0;0;18;0;4
0;0;0;3;0;0;7
0;0;0;0;0;0;7
45;20.96;12.08;45;192;188;2
0;0;0;0;0;0;6
0;0;0;0;0;0;5
0;1.5;0;0;1;0;7
0;0;0;0;0;0;6
0;0;0;0;0;0;7
0;0;0;0;0;0;7
0;0;0;0;0;0;7
0;0;0;0;0;0;7
0;0;0;0;0;0;7
0;10.35;0;0;0;0;7
0;0;0;0;0;0;5
0;20.18;2.72;35;77;204;6
0;2.58;0;0;0;0;7
0;36.25;0;3;165;35;2
0;0.77;0;0;0;12;3
0;1.65;0;0;0;0;7
0;0;0;0;0;0;7
0;1.5;0;0;1;0;6
0;170.74;0;0;923;54;2
0;0;0;0;0;0;5
0;0;0;0;0;0;5
0;6.96;0;0;47;0;2
0;0;0;0;0;0;7
0;0.38;0;0;0;5;7
232;7.03;0.03;1;13;12;7
0;0;0;0;0;0;7
0;0;0;0;0;0;7
0;0;0;0;0;0;7
0;0;0;0;0;0;2
0;0;0;0;0;0;7
0;0.02;0.18;2;5;0;7
0;0;0;0;0;0;1
0;0;0;0;0;0;7
0;16.8;0;0;380;0;6
0;0;0;0;0;0;4
0;0;0;0;0;0;5
0;0;0;0;0;0;5
0;0;0;0;0;0;5
0;0;0;0;0;0;7
0;0;0;0;0;0;7
0;0;0;0;0;0;7
0;0;0;0;0;0;7
0;0.01;0;0;4;0;7
0;0;0;0;0;0;5
0;0;0;0;0;0;7
0;0;0;0;0;0;7
0;0;0;0;0;0;7
0;9.11;0;0;0;0;7
0;0;0;0;0;0;7
0;72.09;0;1;162;1;7
0;0;0;0;0;0;7
0;0;0;0;0;0;7
0;0;0;0;0;0;7
0;0;0;0;0;0;7
0;0;0;0;0;0;7
0;0;0;0;0;0;7
0;0;0;0;0;0;7
0;0;0;0;0;0;2
0;0;0;0;0;0;7
0;0;0;0;0;0;5
0;0;0;0;0;0;2
0;0;0;0;0;0;6
0;0;0;0;0;0;7
0;2.73;0;0;1;0;1
0;24.64;0;0;18;0;7
0;0;0;0;0;0;7
1;14.2;1;7;73;144;7
7;25.06;0;2;16;36;1
0;0;0;0;0;0;7
0;0;0;0;0;0;7
0;0;0;0;0;0;7
0;0;0;0;0;0;3
0;0;0;0;0;0;1
0;1.65;0;0;0;0;7
0;45.49;0;0;0;0;2
0;21.11;14.5;17;30;114;7
0;33.65;0;1;0;44;7
0;0;0;0;0;0;1
30;6.38;7.83;43;71;88;7
0;0;0;0;0;0;5
0;0;0;0;0;0;5
0;0;0;0;0;0;5
0;0;0;0;0;0;6
0;7.64;0;0;1;0;5
0;0;0;0;0;0;7
0;0;0;0;0;0;3
1;293.57;0;0;481;13;2
0;0;0;0;0;0;7
0;0;0;0;0;0;7
0;0;0;0;0;0;7
0;0.17;0.25;6;10;0;7
0;0;0;0;0;0;7
0;0;0;0;0;0;7
0;0;0;0;0;0;7
0;0;0;0;0;0;7
0;25.13;0;0;13;3;5
0;2.58;0;0;1;0;2
0;0;0;0;0;0;7
0;3.57;0;1;13;0;7
0;0;0;0;0;0;7
6;0;0;0;0;0;7
0;0;0;0;0;0;7
0;2.87;0;0;6;0;7
0;0.42;0;0;9;1;5
0;0.48;0;0;0;2;7
0;0;0;0;0;0;7
0;2.07;0;0;7;13;7
0;0;0;0;0;0;7
0;0;0;0;0;0;7
0;12.37;0;0;0;0;5
0;0;0;0;0;0;7
0;0;0;0;0;0;3
0;0;0;0;0;0;7
0;0;0;0;0;0;7
0;0;0;0;0;0;7
0;1.5;0;0;1;0;2
0;7.2;0;0;9;0;6
0;0;0;0;0;0;1
0;0;0;0;0;0;7
0;0;0;0;0;0;7
0;0;0;0;0;0;7
0;0;0;0;0;0;7
0;0;0;0;0;0;7
0;10.09;0;0;35;0;7
0;0;0;0;0;0;5
904;141.11;573.76;855;872;1700;7
7;0.37;0;0;0;1;4
0;0;0;0;0;0;5
1393;273.98;325.37;1218;1501;1160;7
0;0;0;0;0;0;7
1245;265.44;520.47;1351;1664;264;2
26;64.13;23.67;78;167;558;5
0;0;0;0;0;0;7
0;0;0;0;0;0;7
0;0;0;0;0;0;7
0;0;0;0;0;0;7
0;0;0;0;0;0;7
0;0;0;0;0;0;7
0;4.34;0;9;79;0;7
0;0;0;0;0;0;7
139;377.87;169.5;317;1532;175;2
0;4.74;0;0;18;0;7
0;0;0;0;0;0;7
0;0;0;0;0;0;2
0;2.63;0;0;0;0;7
0;0;0;0;0;0;7
949;262.56;181.9;939;2107;1741;7
0;6.28;0;0;2;1;2
8;0.99;0;6;33;0;7
0;0;0;0;0;0;7
0;0;0;0;0;0;7
52;61.69;105.2;216;345;597;7
0;0;0;0;0;0;7
0;0;0;0;0;0;7
0;0;0;0;0;0;2
0;0;0;0;0;0;7
6;51.03;5;36;258;74;2
223;443.89;0;1;1401;0;2
0;27.8;0;0;187;53;7
0;31.64;0.25;2;0;0;1
1;134.02;0;2;846;1091;2
389;233.47;0.67;11;924;64;2
0;151.23;0;0;217;642;2
0;85.72;0;2;14;0;4
34;206.04;7.75;8;38;8;2
0;173.87;0;2;161;9;2
72;32.42;1;1;9;0;4
0;17.49;0;0;0;4;1
0;100.79;0;0;1;0;3
0;142.93;0;0;446;16;4
0;67.03;0;0;128;81;4
0;1.43;0;0;3;0;2
0;19.69;0;0;0;0;6
0;37.74;0;0;1;0;3
17;109.35;0.25;5;191;3;7
0;0;0;0;0;0;7
0;48.69;1.75;0;7;1;6
0;23.85;0;0;1;0;2
0;0;0;0;0;0;5
0;0;0;0;0;0;7
1;174.41;0.25;2;604;21;4
0;0;0;0;0;0;7
0;0;0;0;0;0;6
0;0;0;0;0;0;7
0;0;0;0;0;0;7
0;9.15;0;0;5;0;6
0;13.73;0;0;2;0;7
0;0;0;0;0;0;7
0;78.7;0;0;551;3;2
0;15.54;0;0;0;0;1
0;0;0;0;0;0;7
0;0;0;0;0;0;6
0;0;0;0;0;0;7
0;0;0;0;0;0;7
0;0;0;0;0;0;3
0;0;0;0;0;0;5
3;52.34;14.5;48;238;184;7
0;0;0;0;0;0;7
0;0;0;0;0;0;2
0;0.26;0;0;2;0;7
0;34.6;0;0;2;0;1
0;0;0;0;0;0;7
0;2.19;0;0;0;0;7
0;0;0;0;0;0;7
0;0;0;0;0;0;5
0;0;0;0;0;0;1
0;0.01;0;0;5;0;7
0;0;0;0;0;0;2
0;12.59;0;1;10;1;6
0;0;0;0;0;0;7
0;0;0;0;0;0;7
0;0;0;0;0;0;7
130;136.61;6.25;25;1293;102;7
0;0;0;0;0;0;3
0;0;0;0;0;0;7
0;0;0;0;0;0;7
0;1.5;0;0;32;0;7
0;0;0;0;0;0;1
0;0;0;0;0;0;7
0;0;0;0;0;0;5
0;0;0;0;0;0;6
0;0;0;0;0;0;7
0;0;0;0;0;0;7
0;104.81;0;0;95;12;1
31;25.7;7.75;34;88;231;5
2;2.29;0.17;17;93;0;7
0;0;0;0;0;0;7
44;33.82;8;23;75;52;7
0;0;0;0;0;0;7
0;0;0;0;0;0;5
0;49.15;0;0;0;0;7
0;0;0;0;0;0;7
0;0;0;0;0;0;7
1091;193.75;173.24;783;1061;1515;7
0;0;0;0;0;0;6
0;0;0;0;0;0;6
0;7.84;0;0;0;0;7
614;176.49;208.02;923;1105;1280;7
39;4.98;0.58;16;102;12;7
0;22.9;0;0;1;0;4
0;0;0;0;0;0;2
196;195.79;36;87;450;935;7
0;0;0;0;0;0;7
0;13.64;0;0;3;0;6
0;0;0;0;0;0;7
0;0;0;0;0;0;7
253;306.5;150.5;268;451;2265;6
2;169.21;0;1;172;1214;4
8;260.23;12.08;144;1596;48;2
0;0;0;0;0;0;7
0;0;0;0;0;0;4
0;0;0;0;0;0;7
0;0;0;0;0;0;7
0;0.06;0;0;2;0;2
0;0;0;0;0;0;2
0;0;0;0;0;0;6
0;0;0;0;0;0;7
0;1.61;0;0;0;7;7
0;0;0;0;0;0;6
0;0;0;0;0;0;7
0;1.24;0;0;8;0;7
0;0;0;0;0;0;7
0;95.91;6.08;19;137;806;7
0;0;0;0;0;0;7
0;5.88;0;0;3;0;2
0;0;0;0;0;0;7
0;0;0;0;0;0;7
0;0;0;0;0;0;5
0;64.49;0;1;7;0;1
0;0;0;0;0;0;2
0;0;0;0;0;0;7
0;0;0;0;0;0;2
0;0;0;0;0;0;7
0;0;0;0;0;0;7
0;0.46;0.17;2;3;14;7
0;0;0;0;0;0;5
0;66.58;0;0;2;6;1
0;27.28;0;0;3;41;4
0;0;0;0;0;0;7
0;0;0;0;0;0;7
0;0;0;0;0;0;7
0;0;0;0;0;0;7
0;0;0;0;0;0;7
0;0;0;0;0;0;7
0;0;0;0;0;0;7
0;0;0;0;0;0;7
0;0;0;0;0;0;7
0;0;0;0;0;0;7
0;0;0;0;0;0;7
0;0;0;0;0;0;7
0;0;0;0;0;0;7
0;0.22;0;0;0;0;6
0;0;0;0;0;0;7
0;0;0;0;0;0;6
0;2.09;0;0;0;15;6
0;2.83;0;0;0;21;2
0;0;0;0;0;0;2
0;0;0;0;0;0;5
0;0;0;0;0;0;7
0;0;0;0;0;0;1
6;15.85;2;7;35;2;6
0;57.55;0;0;149;1;6
0;0;0;0;0;0;5
0;0.04;0.75;3;3;0;5
0;0;0;0;0;0;6
0;0;0;0;0;0;7
0;0;0;0;0;0;5
5;0.12;0.42;5;5;10;7
0;74.07;0;0;227;1;2
0;0;0;0;0;0;7
1;65.67;0;3;180;75;7
0;0;0;0;0;0;7
180;66.58;47.57;218;149;355;7
0;0;0;0;0;0;7
0;41.5;0;0;86;0;4
0;3.51;0;0;7;0;7
0;3.21;0;3;9;0;7
0;169.82;0;0;363;0;6
0;0;0;0;0;0;6
0;0;0;0;0;0;4
0;0;0;0;0;0;7
0;0;0;0;0;0;6
0;0;0;0;0;0;7
0;0;0;0;0;0;6
0;0;0;0;0;0;7
0;8.16;0;0;0;0;5
0;0;0;0;0;0;6
0;0;0;0;0;0;6
0;0;0;0;0;0;5
0;0;0;0;0;0;7
0;0;0;0;0;1;2
0;0;0;0;0;0;6
0;4.45;0;0;9;0;2
0;0;0;0;0;0;7
0;8.62;0;0;0;0;6
0;0;0;0;0;0;7
0;0;0;0;0;0;7
0;0;0;0;0;0;7
0;51.82;0;19;243;3;7
0;0;0;0;0;0;7
0;0.14;0;0;3;0;6
0;0;0;0;0;0;7
0;2;0;0;1;0;2
0;1.97;0;0;0;0;2
0;22.92;0;0;0;0;7
0;0;0;0;0;0;6
0;0;0;0;0;0;7
0;0;0;1;0;0;5
0;0;0;0;0;0;2
0;0;0;0;0;0;1
0;7.79;0;0;0;0;7
0;0;0;0;0;0;6
3;15.33;1.25;9;79;72;2
0;0;0;0;0;0;7
0;0;0;0;0;0;7
0;0;0;0;0;0;7
0;22.27;0;0;0;0;4
0;1.94;0;0;0;0;1
0;0;0;0;0;0;6
0;0;0;0;0;0;7
0;0;0;0;0;0;5
0;37.9;0;0;66;0;1
0;43.86;0;6;23;2;2
0;0;0;0;0;0;7
0;0.01;0;0;5;0;7
0;0;0;0;0;0;7
0;13.86;0;0;0;0;6
0;0;0;0;0;0;7
0;100.95;0;2;123;1;6
0;0;0;0;0;0;7
0;0;0;0;0;0;6
0;0;0;0;0;0;7
0;8.04;0;0;0;0;6
0;0;0;0;0;0;4
0;0;0;0;0;0;7
0;16.36;0.03;2;15;86;7
0;0;0;0;0;0;5
0;0;0;0;0;0;7
1;1.52;0;1;26;0;5
0;1.38;0;0;0;3;7
0;0;0;0;0;0;5
0;0;0;0;0;0;5
0;0;0;0;0;0;7
0;0;0;0;0;0;7
0;0;0;0;0;0;6
0;0;0;0;0;0;7
0;0;0;1;0;0;7
0;1.43;0;0;0;0;7
0;0;0;0;0;0;7
0;0;0;0;0;0;7
0;0;0;0;0;0;7
0;0;0;0;0;0;7
0;0;0;0;0;0;7
0;285.73;1.5;2;353;41;4
0;0;0;0;0;0;7
0;0;0;1;0;0;7
0;0;0;0;0;0;5
0;0;0;0;0;0;7
0;0;0;0;0;0;2
0;0;0;0;0;0;6
0;0;0;0;0;0;7
0;0;0;0;0;0;7
0;0;0;0;0;0;1
0;0;0;0;0;0;5
0;0;0;0;0;0;5
0;0;0;0;0;0;6
0;0;0;0;0;0;7
0;0;0;0;0;0;7
0;0;0;0;0;0;5
0;0;0;0;0;0;7
0;0;0;0;0;0;7
9;28.9;0;5;90;40;2
0;0;0;0;0;0;7
0;0;0;0;0;0;7
0;1.5;0;0;4;0;7
935;192.45;301.05;627;989;1864;7
0;0;0;0;0;0;7
0;0;0;0;0;0;7
0;29.21;0;0;62;0;4
0;0;0;0;0;0;7
0;0;0;0;0;0;7
0;0;0;0;0;0;5
0;0;0;0;0;0;7
0;0;0;0;0;0;7
0;0;0;0;0;0;7
0;0;0;0;0;0;7
0;3.63;0;1;11;1;4
0;0;0;0;0;0;6
0;2.31;0;0;6;0;6
0;0;0;0;0;0;7
0;0;0;0;0;0;6
0;0;0;0;0;0;7
0;0;0;0;0;0;7
0;0;0;0;0;0;7
0;0;0;0;0;0;7
0;0;0;0;0;0;3
0;0;0;0;0;0;7
0;4.55;0;0;21;0;1
0;0;0;0;0;0;6
0;27.68;0;0;32;33;6
443;308.38;0;0;1525;115;6
0;0;0;0;0;0;7
0;1.89;1;11;33;0;5
0;0;0;0;0;0;7
0;0;0;0;0;0;7
0;0;0;0;0;0;7
0;0;0;0;0;0;7
0;0;0;0;0;0;5
1;52.39;0.25;6;343;0;7
0;0;0;0;0;0;7
0;0;0;0;0;0;7
0;0;0;0;0;0;7
0;0;0;0;0;0;6
0;83.66;0;0;377;5;7
0;0;0;0;0;0;7
0;0;0;0;0;0;7
0;9.58;0;0;0;0;2
0;0;0;0;0;0;7
0;0;0;0;0;0;2
0;1.28;0;0;3;2;7
0;0;0;0;0;0;7
0;9.76;0;0;0;0;7
0;1.44;0;0;1;0;7
0;0;0;0;0;0;7
0;0;0.08;1;0;0;7
0;0;0;0;0;0;7
0;181.38;0;0;211;0;6
0;13.61;0;0;57;0;4
0;45.18;0;0;30;29;2
0;104.13;0;0;5;0;1
899;194.15;530.29;929;1133;261;7
64;85.6;14.87;61;908;311;2
0;87.21;0;0;291;14;2
0;69.03;0;0;62;0;4
0;70.06;0;1;1;0;1
173;60.92;106.1;101;206;122;2
0;71.51;0;0;25;0;3
0;38.72;0;0;1;0;1
14;103.6;0;0;270;0;2
248;263.07;174.67;325;883;563;4
6;10.49;0;0;6;8;2
0;26.98;0;0;0;0;3
0;26.16;0.5;4;160;0;1
106;97.76;1;14;29;11;2
68;3.89;0;0;1;9;4
0;80.06;0;0;0;0;4
14;110.38;8.5;7;22;122;5
0;7.65;0;0;1;0;5
0;0;0;0;0;0;7
0;0;0;0;0;0;7
0;0;0;0;0;0;7
0;0;0;0;0;0;6
0;15.45;0;0;4;59;3
0;0;0;0;0;0;5
0;3.45;0;0;2;0;6
0;0;0;0;0;0;7
0;0.44;0;0;0;5;2
0;0;0;0;0;0;7
0;0;0;0;0;0;7
24;116.67;3;26;938;813;7
0;1.52;0;0;0;0;7
0;0;0;0;0;0;5
0;0;0;2;0;0;7
0;0;0;0;0;0;7
0;0;0;0;0;0;2
0;0;0;0;0;0;7
0;0;0;0;0;0;7
0;0;0;0;0;0;7
0;1.64;0;0;0;0;7
0;0;0;0;0;0;3
0;7.95;0;0;0;0;7
0;3.43;0;0;15;0;6
0;0.13;0;0;0;1;6
0;0;0;0;0;0;7
0;1.21;0;1;7;0;7
0;2.17;0;0;0;0;7
0;91.79;0;0;92;0;7
0;0;0;0;0;0;7
0;0;0;0;0;0;7
0;35.21;0;0;94;188;2
0;2;0;0;3;0;7
0;1.82;0;0;0;1;7
0;0;0;0;0;0;7
0;0;0;0;0;0;7
0;0;0;0;0;0;1
0;0;0;0;0;0;7
0;39.31;0;3;163;0;6
1521;407.19;1405.72;1423;2052;1157;2
0;0;0;0;0;0;7
0;0;0;0;0;0;1
0;4.83;0;0;72;0;7
0;0;0;0;0;0;7
5;12.03;2.5;9;60;23;7
1519;235.19;280.7;1176;1202;1135;7
0;0;0;0;0;0;7
0;1.02;0;0;7;0;7
0;0;0;0;0;0;2
0;0;0;0;0;0;7
0;2.27;0;0;0;0;5
0;0;0;0;0;0;7
0;15.51;0;1;47;59;2
0;0.85;0;0;9;2;7
0;1.75;0;0;0;0;6
0;25.72;0;0;221;0;7
0;42.75;0;0;1;9;1
0;34.61;0;0;2;0;6
0;0.18;0;0;0;6;7
0;3.39;0;0;10;41;7
0;6.56;0;3;15;0;2
0;2.18;0;0;0;0;2
0;0;0;0;0;0;7
0;6.35;0;0;1;0;7
0;0;0;0;0;0;7
0;0.3;0;1;7;0;7
0;0;0;0;0;0;7
0;0;0;0;0;0;7
0;0;0;0;0;0;7
0;18.34;0;2;0;18;7
0;0;0;0;0;0;7
0;0;0;0;0;0;1
0;0.38;2.5;10;17;10;7
0;0;0;0;0;0;7
0;0;0;0;0;0;7
0;6.29;0;0;1;0;1
0;44.39;0;11;214;0;7
9;6.71;1.98;11;129;2;7
0;0;0;0;0;0;5
0;0;0;0;0;0;7
26;5.22;4.67;34;59;40;7
0;0;0;0;0;0;7
0;0;0;0;0;0;7
0;0;0;0;0;0;7
0;3.29;0;0;0;0;7
0;0;0;0;0;0;7
0;0;0;0;0;0;7
0;0;0;0;0;0;1
0;64.52;0;0;40;0;6
0;0;0;0;0;0;7
0;373.23;0.05;3;322;536;6
0;0;0;0;0;0;7
57;20.02;0;7;2;16;2
0;0;0;0;0;0;7
0;0;0;0;0;0;7
0;0;0;0;0;0;7
0;2.63;1.5;6;50;0;5
0;0;0;0;0;0;5
0;0;0;0;0;0;5
0;2.61;0;0;1;0;6
0;0;0;0;0;0;7
0;0;0;0;0;2;7
0;0;0;0;0;0;7
0;0;0;0;0;0;7
0;0;0;0;0;0;7
0;0;0;0;0;0;7
0;0;0;0;0;0;7
0;0;0;0;0;0;7
0;0;0;0;0;0;7
0;0;0;0;0;0;3
0;0;0;0;0;0;7
0;0;0;0;0;0;1
0;0;0;0;0;0;6
0;83.15;0;12;8;13;1
0;0;0;0;0;0;7
0;0;0;0;0;0;5
0;0;0;0;0;0;7
0;303.42;0;0;1555;0;2
0;0;0;0;0;0;6
0;0;0;0;0;0;7
0;17.54;0;0;58;14;2
0;0;0;0;0;0;7
0;33.64;12.75;27;27;44;2
0;26.96;0;0;267;0;7
4;82.38;5.75;42;212;195;7
1;24.55;0;11;198;2;7
0;0;0;0;0;0;7
0;0;0;0;0;0;7
0;0;0;0;0;0;7
0;0;0;0;0;0;5
0;0;0;0;0;0;7
0;1.36;0;0;0;0;2
0;0.07;0;0;0;1;7
0;0;0;0;0;0;3
0;0;0;0;0;0;7
0;0;0;0;0;0;7
0;54.22;0;0;181;0;2
0;0;0;0;0;0;7
0;0;0;0;0;0;5
0;0;0;0;0;0;2
0;0;0;0;0;0;7
0;0;0;0;0;0;7
0;0;0;0;0;0;7
0;1.27;0;1;6;0;7
0;0;0;0;0;0;7
0;0;0;0;0;0;5
0;0;0;0;0;0;7
0;20.59;0;13;307;0;4
0;0.03;0.07;5;11;0;6
0;0;0;0;0;0;7
0;3.4;0;0;2;0;6
0;0;0;0;0;0;4
0;0;0;0;0;0;5
0;0;0;0;0;0;7
0;0;0;0;0;0;6
0;0;0;0;0;0;7
0;70.15;0.75;2;11;1;2
0;0;0;0;0;0;7
0;0;0;0;0;0;4
0;0;0.25;1;0;0;7
0;16.56;0;0;7;0;3
0;0;0;0;0;0;2
0;0;0;0;0;0;7
0;0;0;0;0;0;1
0;0;0;0;0;0;7
0;0;0;0;0;0;6
0;0;0;0;0;0;7
0;0;0;0;0;0;7
0;0;0;0;0;0;7
0;35.9;0;0;26;0;6
0;0;0;0;0;0;7
0;0;0;0;0;0;2
0;0;0;0;0;0;7
0;0.25;0;0;1;0;5
0;0;0;0;0;0;7
0;0;0;0;0;0;7
6;56.52;0;0;4;209;7
220;27.32;0;69;1;724;7
0;0;0;0;0;0;7
0;88.94;1;1;126;3;2
0;0.91;0;2;0;11;7
0;0;0;0;0;0;1
0;8.24;0.25;3;2;119;6
0;0;0;0;0;0;7
0;0;0;0;0;0;7
0;0;0;0;0;0;7
0;0;0;0;0;0;7
0;0;0;0;0;0;6
0;0;0;0;0;0;7
0;0.09;0;0;2;0;7
0;0;0;0;0;0;1
0;0;0;0;0;0;5
0;0;0;0;0;1;7
15;1.56;0.22;17;19;20;7
5;212.61;5.5;6;984;33;2
0;0;0;0;0;0;5
0;0;0;0;0;0;7
0;3.47;0;0;0;0;3
6;0.07;0.02;3;8;0;5
0;0;0;0;0;0;7
0;0;0;0;0;0;6
0;0;0;0;0;0;6
0;0;0;0;0;0;7
0;0;0;0;0;0;7
11;3.81;3.5;14;66;0;7
0;0;0;0;0;0;6
0;0;0;0;0;0;5
0;0;0;0;0;0;7
0;0;0;0;0;0;7
0;0;0;0;0;0;7
0;27.36;0;1;8;0;7
0;0;0;0;0;0;7
0;0;0;0;0;0;3
0;0;0;0;0;0;7
0;0;0;0;0;0;7
0;1.1;0;0;5;0;4
0;0;0;0;0;0;2
0;0;0;0;0;0;5
0;0.25;0;0;1;0;6
0;4.31;0;0;0;0;7
0;0;0;0;0;0;2
0;27.5;0;0;1;0;4
0;0;0;0;0;0;7
0;42.43;0;0;203;0;7
0;0;0;0;0;0;7
0;0;0;0;0;0;6
0;12.39;0;0;22;6;4
13;70.46;13.75;11;72;10;2
0;5.63;0;0;16;0;7
0;8.02;0;0;0;0;4
0;0.31;0;0;2;0;7
0;0;0;0;0;0;7
0;0;0;0;0;0;6
0;0;0;0;0;0;7
0;1.2;0;0;5;0;7
0;0;0;0;0;0;7
0;25.02;0;0;13;0;2
0;0;0;0;0;0;5
0;0;0;0;0;0;7
0;0;0;0;0;0;6
0;0;0;0;0;0;7
0;0;0;0;0;0;6
0;0;0.17;3;0;0;7
0;0;0;0;0;0;4
0;0;0;0;0;0;7
0;0;0;0;0;0;7
0;3.77;0;0;1;0;1
5;0.04;0.42;3;5;0;2
0;0.79;3.2;99;97;0;7
0;0;0;0;0;0;7
0;0;0;0;0;0;7
0;0;0;0;0;0;7
0;5.25;0;0;2;3;6
0;0.07;0;3;1;0;7
0;0;0;0;0;0;5
0;0;0;0;0;0;1
0;0;0;0;0;0;7
0;0;0;0;0;0;7
0;0;0;0;0;0;6
0;0;0;0;0;0;7
0;2.62;0;0;1;0;7
0;0;0;0;0;0;7
90;19.91;20.25;80;171;159;5
0;0;0;0;0;0;7
0;0;0;0;0;0;7
0;10.02;0;0;0;0;6
0;3.47;0;0;0;0;7
0;61.16;7.67;26;81;118;7
0;0;0;0;0;0;7
0;11.41;0;0;2;0;1
0;0;0;0;0;0;7
521;299.81;24.17;28;1350;186;7
0;0;0;0;0;0;7
0;28.97;0;0;0;11;3
0;0;0;0;0;0;7
0;87.55;0;0;106;1;2
0;0;0;0;0;0;6
0;0;0;0;0;0;7
0;0;0;0;0;0;1
0;0;0;0;0;0;7
0;0;0;0;0;0;5
0;5.03;0;0;0;0;7
0;18.94;0;1;3;0;6
0;33.55;0;0;1;450;4
0;0;0;0;0;0;7
0;13.6;0;0;2;0;2
0;0;0;0;0;0;7
0;25.4;0;6;87;1;2
0;0;0;0;0;0;7
0;0;0;0;0;0;7
1945;259.87;728.43;1160;1618;1461;7
0;1.9;0;0;0;0;7
0;0;0;0;0;0;7
1;372.33;3.03;172;1653;16;2
0;0;0;0;0;0;1
0;7.04;10.33;42;90;4;7
0;0;0;0;0;0;7
0;0;0;0;0;1;7
0;0;0;0;0;0;2
0;0;0;0;0;0;7
0;0;0;0;0;0;7
0;0;0;0;0;0;7
0;0;0;0;0;0;7
103;39.23;44.5;83;137;179;2
0;0;0;0;0;0;7
0;2.97;0;0;0;0;6
0;18.73;0;0;84;0;7
0;0;0;0;0;0;7
33;0.29;0;7;6;0;5
0;2.37;0;0;0;0;7
0;16.13;0;0;60;0;7
2;178.38;0;1;695;0;4
68;14.17;0;0;1;27;1
0;155.67;0;0;5;1;4
0;34.47;0;0;2;1;4
0;108.35;0;0;148;0;2
0;68.08;5.5;5;0;0;6
0;63.84;0;0;11;0;3
0;74.32;0;0;11;0;4
0;7.79;0;0;12;0;2
0;29.27;0;0;2;4;2
0;26.69;0;0;41;0;7
179;306.94;29.28;96;771;375;7
0;63.1;0;0;0;0;4
690;467.21;367.67;1436;1325;1549;2
0;0;0;0;0;0;4
0;15.41;0;0;0;0;1
0;2.84;0;0;1;9;6
0;0.12;0.5;6;10;0;7
0;0;0;0;0;0;7
0;0;0;0;0;0;7
0;0;0;0;0;0;2
0;50.89;0;5;355;2;7
0;103.58;0;1;200;0;6
0;0.56;0;0;15;0;7
0;9.86;0;1;7;0;6
0;1.8;0;0;0;17;2
0;0;0;0;0;0;5
0;0;0;0;0;0;7
451;123.99;46.25;133;282;684;7
0;1.09;0;0;13;0;7
0;0;0;0;0;0;7
0;0;0;0;0;1;7
0;0;0;0;0;0;7
0;0;0;0;0;0;7
0;32.79;0;0;0;0;5
0;0;0;0;0;0;7
0;0;0;0;0;0;7
0;0;0;0;0;0;7
0;0;0;0;0;0;7
0;0.27;0;0;4;0;7
5;0;0;1;0;0;7
0;0;0;0;0;0;7
0;2.29;0;0;8;2;7
0;1.92;0;0;0;0;7
0;0;0;0;0;0;7
0;0;0;0;0;0;7
0;0;0;0;0;0;7
0;44.78;0.25;2;184;142;4
0;2.67;0;0;0;0;7
0;0.25;0;0;1;0;7
3;21.98;33.5;22;37;35;2
196;82.29;249.25;1051;1109;53;7
0;1.26;0.52;3;9;1;7
0;0;0;0;0;0;7
0;0;0;0;0;0;7
0;0;0;0;0;0;7
0;3.74;0;2;10;0;7
0;0;0;0;0;0;7
0;0;0;0;0;0;7
0;0;0;0;0;0;7
0;0;0;0;0;0;7
586;178.95;25.58;96;601;1292;7
0;0.34;0;1;2;3;2
0;0;0;0;0;0;7
0;0;0;0;0;0;7
174;177.21;24.47;218;1494;373;7
0;0;0;0;0;0;7
0;27.91;2;1;54;27;6
0;0;0;0;0;0;5
0;4.07;0;0;2;0;3
0;0;0;0;0;0;7
0;0.75;0;0;1;0;7
0;0;0;0;0;0;7
0;64.46;0;0;0;0;2
0;0;0;0;0;1;7
0;5.2;0;0;1;0;1
0;1.93;0.5;7;31;1;7
135;83.87;221.83;375;426;962;5
0;7.28;0;0;0;0;7
0;0;0;0;0;0;7
0;0;0;0;0;0;7
0;1;0;0;1;0;7
9;121.83;7.9;10;372;110;6
0;0;0;0;0;0;6
0;0;0;0;0;0;7
0;2.54;3.5;29;44;9;7
0;0;0;0;0;0;7
0;0;0;0;0;0;7
113;50.36;53.75;187;395;268;7
0;0;0;0;0;0;7
0;9.18;0;0;51;2;7
0;0.16;0;0;0;0;4
0;0;0;0;0;1;7
0;0;0;0;0;0;7
0;0;0;0;0;0;7
0;0;0;0;0;0;7
0;73.39;0;1;52;59;1
0;0;0;0;0;0;6
0;0;0;0;0;0;2
0;0;0;0;0;0;5
0;0;0;0;0;0;7
0;1.05;0;0;7;0;5
0;0;0;0;0;0;7
0;0;0;0;0;0;7
0;84.8;0;0;559;4;1
0;0.09;0.07;3;3;1;5
0;0;0;0;0;0;7
0;0;0;0;0;0;7
0;0;0;0;0;0;7
0;0;0;0;0;0;5
0;13.02;0;0;0;10;6
0;0.72;0.35;9;116;2;5
0;1.69;0;0;0;0;2
1365;607.27;3182.77;1596;2492;1697;2
0;2.65;0;0;1;0;6
0;0.03;0;0;2;0;2
27;33.19;5;24;742;41;7
0;0;0;0;0;0;7
0;0.19;0;0;5;0;1
0;0;0;0;0;0;5
0;0;0;0;0;0;7
0;0;0;0;0;0;7
0;0;0;0;0;1;7
0;0;0;0;0;0;7
0;0;0;0;0;0;7
0;0;0;0;0;0;7
0;0;0;0;0;0;2
0;0;0;0;0;0;4
0;0;0;0;0;0;7
0;0;0;0;0;0;7
0;0;0;0;0;0;6
0;27.32;23.5;35;179;4;7
5;0.7;0;5;5;9;7
0;0;0;0;0;0;7
0;16.65;0;0;5;0;7
0;0;0;0;0;0;7
0;26.55;0;0;331;1;7
0;13.27;0;0;0;0;5
0;1.43;0;0;0;7;2
0;0;0;0;0;0;7
0;3.5;0;0;2;0;6
0;0;0;0;0;0;7
0;0;0;0;0;0;7
0;0;0;0;0;0;6
0;0;0;0;0;0;7
0;0;0;0;0;0;7
0;6.07;0;0;32;15;7
0;0;0;0;0;0;5
0;0;0;0;0;0;7
0;0;0;0;0;0;7
0;0;0;0;0;0;7
0;0;0;0;0;0;7
0;1.51;0;0;5;0;7
0;0;0;0;0;0;2
0;0;0;0;0;0;7
0;33;2.25;4;21;22;2
0;0;0;0;0;0;7
0;45.34;0;0;0;0;7
0;0;0;0;0;0;7
0;0;0;0;0;0;4
0;1.17;0;0;2;0;7
0;40.92;1.5;5;136;0;2
0;4.73;0;0;1;0;2
0;0;0;0;0;0;7
0;0;0;0;0;0;7
0;0;0;0;0;0;7
0;0;0;0;0;0;5
0;7.82;0;0;11;1;7
0;0;0;0;0;0;7
0;0;0;0;0;0;7
0;0;0;0;0;0;6
0;0;0;0;0;0;7
0;0;0;0;0;0;7
0;0;0;0;0;0;7
0;0;0;0;0;0;7
0;0;0;0;0;0;1
219;39.94;65.15;196;250;349;5
0;0;0;0;0;0;4
60;234.64;98.75;304;1568;269;2
0;20.89;0;0;1040;0;7
0;0.26;0;0;0;0;7
0;0;0;0;0;0;6
0;2.5;0;0;0;0;7
0;0;0;0;0;0;7
0;0;0;0;0;0;5
0;0;0;0;0;0;7
0;0;0;0;0;0;7
0;0;0;0;0;0;2
0;0;0;0;0;0;6
403;98.71;56.5;301;742;429;6
0;1.35;0;0;0;0;7
0;0;0;0;0;0;7
0;0;0;0;0;0;7
0;0;0;0;0;0;7
7;89.25;0.5;1;45;57;6
0;0;0;0;0;0;7
0;28.6;1.5;3;91;0;2
0;0;0;0;0;0;7
0;106.89;0;0;413;0;6
0;0;0;0;0;0;7
0;0;0;0;0;0;2
0;7.95;0;0;0;0;7
0;0;0;0;0;0;2
0;0;0;0;0;0;1
0;0;0;0;0;0;7
0;0;0;0;0;0;2
0;0;0;0;0;0;5
1072;145;5;19;69;1331;7
0;0;0;0;0;0;7
0;0;0;0;0;0;5
0;0;0;0;0;0;7
0;0;0;0;0;0;2
0;0;0;0;0;0;7
0;37.82;0;0;0;0;6
0;0;0;0;0;0;7
0;0;0;0;0;0;6
0;0;0;0;0;0;6
48;9.84;8.33;34;93;85;7
0;0;0;0;0;0;5
0;2;0;0;1;0;7
0;0;0;0;0;0;7
0;4.9;0;8;61;23;7
0;9.04;0;0;9;0;7
0;0;0;0;0;0;7
0;127.32;0;1;550;2;7
0;0.11;0;2;5;0;7
0;2.74;0;0;0;0;7
0;0;0;0;0;0;2
0;0;0;0;0;0;5
0;0;0;0;0;0;7
0;0;0;0;0;0;6
0;8.19;0;0;20;15;2
249;39.76;59.83;241;342;252;7
0;0;0;0;0;0;7
0;0;0;0;0;0;6
0;35.43;0;0;4;0;2
0;0;0;0;0;0;5
0;0;0;0;0;0;7
0;0;0;0;0;0;5
0;0;0;0;0;0;6
0;0;0;0;0;0;7
0;83.41;0;0;9;0;2
0;0;0;0;0;0;7
0;0.27;0;0;6;0;7
0;57.03;0;0;308;1;2
0;0;0;0;0;0;7
0;4.09;14;27;24;10;5
0;2.57;15.25;31;32;5;5
1271;255.15;239.22;1145;1495;1618;7
0;0;0;0;0;0;7
0;0;0;0;0;0;2
0;6.1;0;0;0;1;1
0;0;0;0;0;0;5
0;0;0;0;0;0;7
0;0;0;0;0;0;7
299;187.51;0;0;646;151;6
0;0;0;0;0;0;1
0;0;0;0;0;0;7
0;0;0;0;0;0;7
0;0;0;0;0;0;5
0;36.88;0;0;21;0;6
0;0;0;0;0;0;7
0;0;0;0;0;0;5
0;0;0;0;0;0;7
0;47.08;0;0;8;0;2
0;0;0;0;0;0;7
0;0;0;0;0;0;7
0;5.66;0;0;16;0;7
0;0;0;0;0;0;7
0;0;0;0;0;0;5
0;2.02;0;0;0;0;7
0;0;0;0;0;0;7
0;0;0;0;0;0;7
0;1.84;0;0;0;0;7
0;0;0;0;0;0;7
0;0;0;0;0;0;7
0;0;0;0;0;0;6
0;0;0;0;0;0;7
469;74.84;102.92;425;798;395;7
52;29.59;91.17;202;174;82;5
0;0;0;0;0;0;5
31;11.47;1.75;9;126;111;7
0;0;0;0;0;0;7
0;0;0;0;0;0;7
0;12.22;0;0;39;32;7
0;0.21;1.98;13;13;0;7
305;229.91;2.5;10;1085;159;2
0;1.85;0;0;0;0;7
0;0;0;0;0;0;5
1629;272.16;275.34;1387;3931;703;7
0;0;0;0;0;0;7
0;0;0;0;0;0;7
0;44.05;0;0;16;21;5
0;0;0;0;0;0;7
0;0;0;0;0;0;7
0;6.68;0;0;38;0;7
0;2.43;0;0;5;5;7
0;0;0;0;0;0;7
0;4.63;0;0;19;0;7
1370;427.57;2481.24;1292;911;1074;6
0;29.84;0;0;18;6;2
0;30.25;0;0;30;0;2
10;234.97;63.34;56;570;1;2
10;72.59;0.15;3;378;4;2
1;89.12;0;3;71;65;2
0;82.47;0;1;191;0;2
0;5.2;0;0;11;0;2
6;21.32;0;0;20;9;2
0;35.27;0;0;0;5;1
8;23.22;0;0;16;1;3
4;226.1;1.25;5;934;289;2
0;60.22;0;0;12;0;3
2;43.12;0.75;1;6;3;1
0;105.54;0;1;1;17;1
0;8.99;9.75;16;7;34;2
0;27.92;1;1;15;34;1
0;4.64;0;0;10;0;7
0;22.03;0;0;9;15;4
0;0;0;0;0;0;7
0;0;0;0;0;0;4
351;27.65;12.48;213;368;360;7
0;0;0;0;0;0;2
0;0;0;0;0;0;7
0;0;0;0;0;0;2
0;99.09;6;12;297;44;2
0;0;0;0;0;0;7
0;3.18;0;0;0;0;4
0;3.23;0;0;63;1;2
0;2.18;0;0;0;0;7
0;0;0;0;0;0;7
0;0;0;0;0;0;7
0;0;0;0;0;0;7
0;0;0;0;0;0;7
0;0;0;0;0;0;5
0;225.88;0;36;1121;812;7
0;2.79;0;0;27;0;7
0;0;0;0;0;0;6
0;0;0;0;0;0;5
0;0;0;0;0;0;7
0;2.11;0;0;0;0;5
0;0;0;0;0;0;7
0;0.5;0;0;1;0;7
0;0;0;0;0;0;7
0;0;0;0;0;0;7
0;0;1;5;1;0;5
0;0.01;0;0;1;0;7
0;1.43;0;0;0;0;5
0;0;0;0;0;0;7
0;0;0;0;0;0;7
18;8.62;3.5;44;89;0;7
0;0.03;0.13;4;4;0;7
0;1.65;0;0;0;0;7
0;0;0;0;0;0;7
0;0;0;0;0;0;7
0;0;0;0;0;0;7
7;10.07;3.75;17;42;41;7
0;5.66;0;0;0;35;7
0;0;0;0;0;0;7
0;1.56;24.43;51;96;2;7
0;0;0;0;0;0;7
0;17.55;0;0;60;0;7
6;0.43;0.38;6;5;10;7
0;1.82;0;0;0;0;7
0;2.72;0;0;1;0;6
0;17.24;0;0;398;0;7
0;19.73;0;0;149;20;7
0;0;0;0;0;0;7
0;0;0;0;0;0;7
11;59.15;5.67;46;243;40;6
0;0;0;0;0;0;7
0;0;0;0;0;0;7
0;0;0;0;0;0;7
14;1.5;0.67;10;34;16;7
43;9.76;10.4;68;90;71;7
0;0;0;0;0;0;7
0;22.05;0;0;37;40;6
0;5.04;0;1;7;0;7
0;2.72;0;0;0;14;6
0;0;0;0;0;0;6
0;0;0;0;0;0;7
0;0;0;0;0;0;7
0;0;0;0;0;0;7
0;0;0;0;0;0;6
0;0;0;0;0;0;7
0;0;0;0;0;0;7
0;0;0;0;0;0;7
0;0;0;0;0;0;7
0;50.63;0;0;1;0;1
0;0;0;0;0;0;2
0;0;0;0;0;0;1
0;0;0;0;0;0;7
1;14.21;0;1;60;1;7
0;0;0;0;0;0;7
0;0;0;0;0;0;7
0;0;0;0;0;0;7
0;0;0;0;0;0;3
0;0;0;0;0;0;7
0;0;0;0;0;0;7
0;0;0;0;0;0;7
0;0.02;0;0;1;0;7
0;0.46;0;0;0;3;7
0;0;0;0;0;0;7
0;0;0;0;0;0;7
0;3.03;0;0;0;1;7
1;0.59;0.03;1;1;1;7
0;0;0;0;0;0;6
0;0;0;0;0;0;7
0;0.16;0;0;0;0;2
0;0;0;0;0;0;7
0;0;0;0;0;0;7
0;0;0;0;0;0;7
0;12.56;0;0;4;0;4
0;0;0;0;0;0;4
0;0;0;0;0;0;7
0;0;0;0;0;0;7
0;0;0;0;0;0;7
0;0;0;0;0;0;7
0;0;0;0;0;0;5
0;0;0;0;0;2;7
0;6.38;0;0;1;0;6
0;31.72;0;0;0;0;2
0;1.94;0;0;0;0;7
0;0;0;0;0;0;7
0;0.45;2.05;17;24;0;7
0;0;0;0;0;0;7
49;4.72;0.5;1;2;12;1
0;0;0;0;0;0;7
0;0;0;0;0;0;7
226;19.32;18.42;84;45;24;7
0;1.31;0;0;4;0;7
0;0;0;0;0;0;2
92;75.16;61.25;246;658;405;6
98;50.3;71.75;286;391;288;7
0;0;0;0;0;0;1
0;1.49;15;30;64;0;6
0;58.79;0;0;87;137;6
0;45.69;4.08;4;444;43;2
0;0;0;0;0;0;5
0;0.02;0.75;3;3;0;2
0;0;0;0;0;0;2
44;43.95;27.42;37;192;5;7
0;72.5;0;1;130;136;7
0;0;0;0;0;0;7
0;0;0;0;0;0;7
0;0;0;0;0;0;7
0;29.47;0;0;1;0;7
0;0;0;0;0;0;7
0;0;0;0;0;0;7
0;0;0;0;0;0;7
0;0;0;0;0;0;7
0;0;0;0;0;0;6
0;0;0;0;0;0;1
0;0;0;0;0;0;7
0;0;0;0;0;0;5
0;0;0;0;0;0;7
0;23.16;0;0;0;0;6
0;3.87;0.92;8;6;48;7
0;0;0;0;0;0;7
0;0;0;0;0;0;6
0;0;0;0;0;0;7
0;74.03;0;0;497;0;2
0;0;0;0;0;0;7
57;5.78;0;0;7;1;7
6;0;0;0;0;0;7
0;7.7;0;0;1;0;7
0;0;0;0;0;0;7
0;0;0;0;0;2;2
0;0;0;0;0;0;7
0;0;0;0;0;0;5
0;0;0;0;0;0;5
0;0;0;0;0;0;7
0;0;0;0;0;0;5
0;0;0;0;0;0;7
0;3.03;0;0;51;0;4
0;0;0;0;0;0;7
0;0.01;0.37;6;6;0;7
0;30.46;0;0;5;0;6
17;38.6;12.63;57;101;36;7
94;20.69;17.75;77;215;219;7
0;52.03;0;0;19;9;5
0;0;0;0;0;0;5
0;0;0;0;0;0;7
0;0;0;0;0;0;7
0;0;0;0;0;0;7
12;0;0;0;0;0;7
0;0;0;0;0;0;1
0;0;0;0;0;0;7
117;696.45;36.75;99;1182;665;2
0;0;0;0;0;0;7
0;0;0;0;0;0;7
0;0;0;0;0;0;7
0;0;0;0;0;0;7
0;0;0;0;0;0;7
0;0.2;0;0;0;23;2
0;0;0;0;0;0;4
0;0;0;0;0;0;6
0;2.02;0;0;0;0;7
0;0;0;0;0;0;5
0;8;0;0;0;0;7
0;0;0;0;0;0;7
0;0;0;0;0;0;7
0;0;0;0;0;0;7
0;0;0;0;0;0;7
0;0;0;0;0;0;7
0;0;0;0;0;0;7
0;0;0;0;0;0;7
0;0;0;0;0;0;7
0;0;0;0;0;0;7
0;0;0;0;0;0;7
0;0;0;0;0;0;7
0;0;0;0;0;0;7
0;2.53;0;0;0;22;7
0;0;0;0;0;0;2
0;0;0;0;0;0;6
1182;215.15;245.38;1083;1439;1978;7
0;0;0;0;0;0;7
1191;498.75;462.72;1215;1884;1995;2
0;0;0;0;0;0;7
702;154.94;83.34;504;1439;1076;7
1;0.01;0;1;0;1;7
2;12.65;1.09;14;219;2;6
1178;193.35;237.24;1066;1351;2168;7
0;0.06;0.25;1;2;0;7
0;0;0;0;0;0;7
0;0;0;1;0;0;7
0;0;0;0;0;0;7
0;6.46;0.5;1;0;0;2
0;8.09;0;0;0;0;5
0;4.15;0;0;48;0;7
0;0;0;0;0;0;5
93;6.52;0;0;17;28;7
0;0;0;0;0;0;5
0;0;0;0;0;0;7
0;0;0;0;0;0;7
10;18.91;0.6;9;19;20;1
0;0;0;0;0;0;7
0;0;0;0;0;0;2
0;0;0;0;0;0;7
300;249.45;3677.54;821;1138;608;2
0;0;0;0;0;0;7
0;0;0;0;0;0;7
0;0;0;0;0;0;7
0;0;0;0;0;0;7
0;0;0.27;5;1;0;5
0;4.81;0;0;0;33;7
0;1.27;0;0;6;0;2
0;0;0;0;0;0;7
0;0;0;0;0;0;7
0;0;0;0;0;0;7
0;0.17;0;0;6;0;2
0;0.16;0;0;0;0;6
0;0;0;0;0;0;7
0;0;0;0;0;0;6
0;0;0;0;0;0;6
0;0;0;0;0;0;7
0;0;0;0;0;0;7
0;0;0;0;0;0;5
0;1.02;0;0;0;5;7
9;11.29;1.15;5;183;1;7
0;2.23;0;1;0;12;7
0;0;0;0;0;0;7
0;0;0;0;0;0;5
0;0;0;0;0;0;6
0;0;0;0;0;0;7
0;0;0;0;0;0;7
0;4.14;0;0;0;0;7
0;0;0;0;0;0;7
0;115.8;0;17;324;258;6
0;0;0;0;0;0;6
0;0;0;0;0;0;7
0;1.17;0;0;5;0;7
0;31.55;0;0;63;0;1
1526;1342.03;1599.57;1493;1684;2708;7
0;0;0;0;0;0;7
0;1.74;0;0;0;0;7
0;0;0;0;0;0;5
5;0;0;0;0;0;6
0;0;0;0;0;0;2
0;0;0;0;0;0;7
0;0;0;0;0;0;6
0;0;0;0;0;0;7
0;0;0;0;0;0;3
0;0;0;0;0;0;7
0;0;0;0;0;0;7
0;0;0;0;0;0;1
0;33.89;0;0;0;0;4
0;0;0;0;0;0;7
0;0;0;0;0;0;5
1090;375.83;451.07;1237;1228;912;7
0;1.03;0;0;13;1;7
6;1.06;0.17;3;5;10;7
0;4.04;0;0;2;0;6
0;0;0;0;0;0;7
0;0;0;0;0;0;7
0;4.39;0;0;27;5;7
0;1.91;0;0;0;0;7
11;35.03;0;0;0;0;2
0;0;0;0;0;0;7
0;0;0;0;0;0;7
45;60.74;0;11;518;0;7
0;0;0;0;0;0;7
0;0;0;0;0;0;1
0;0;0;0;0;0;7
0;0;0;0;0;0;7
0;2.21;0;0;10;0;7
14;125.12;12.25;21;313;114;6
0;0;0;0;0;0;7
0;0;0;0;0;0;7
0;0;0;0;0;0;7
0;24.83;0;0;173;0;7
0;114.12;0;5;35;367;7
0;0;0;0;0;0;7
