LearDia;LearHou;SharHou;CollMem;CollExp;CourCom
0;27.06;0;0;3;18
0;6.85;0;0;61;51
0;0;0;0;0;0
0;0;0;0;0;0
0;4.26;0;0;0;0
12;0;0;0;0;0
1;25.62;3;1;9;5
0;0;0;0;0;0
0;0;0;0;0;0
0;0;0;0;0;0
0;0;0;0;0;0
0;0;0;0;0;0
0;65.14;0;1;17;5
0;6.11;0;0;0;0
0;0;0;0;0;0
0;0;0;0;0;0
0;0;0;0;0;0
0;0;0;0;0;0
0;0;0;0;0;0
0;13.82;0;0;328;5
0;2;0;0;1;0
0;0;0;0;0;0
3;52.34;14.5;48;238;184
0;0;0;0;0;0
0;0;0;0;0;0
0;14.83;0;0;27;1
0;0;0;0;0;0
0;0;0;0;0;0
0;0;0;0;0;0
0;0;0;0;0;0
0;4.38;0;0;1;0
0;0;0;0;0;0
0;0.32;0;0;5;1
0;0;0;0;0;0
0;5.06;0;0;1;0
0;228.94;0;1;647;0
1292;1282.1;1962;1566;4292;794
0;0;0;0;0;0
0;0;0;0;0;0
0;174.06;0;0;569;10
2;169.21;0;1;172;1214
237;89.46;112.36;254;331;367
0;0;0;0;0;0
1;0;0;0;0;0
0;2.17;0;0;0;0
16;0.04;0.58;10;7;0
1128;122.34;112.23;583;648;1240
0;1.5;0;0;1;0
0;0;0;0;0;0
0;0;0;0;0;0
0;0;0;0;0;0
0;10.33;0;0;0;0
0;0;0;0;0;0
0;0;0;0;0;0
0;0;0;0;0;0
0;11.17;0;0;105;0
5;73.59;41.41;76;111;226
0;0;0;0;0;0
0;0;0;0;0;0
0;0;0;0;0;0
0;0;0;0;0;0
8;192.08;0;0;412;232
0;0;0;0;0;0
0;58.48;0.5;20;340;40
0;12.74;0;0;49;14
0;0;0;0;0;0
0;0;0;0;0;0
0;0;0;0;0;0
0;0;0;0;0;0
0;0;0;0;0;0
0;0;0;0;0;0
1346;225.42;894.38;1343;1619;327
0;0;0;0;0;0
0;0;0;0;0;0
0;0;0;0;0;0
0;0;0;0;0;0
0;0;0;0;0;0
0;0;0;0;0;0
0;0;0;0;0;0
0;0;0;0;0;0
0;0;0;0;0;0
0;2.18;0;0;0;0
0;12.91;0;1;84;0
0;33.64;12.75;27;27;44
1158;120.33;88.6;592;1315;815
0;20.96;0;0;11;0
0;0;0;0;0;0
0;0;0;0;0;0
0;0;0;0;0;0
0;0;0;0;0;0
0;0;0;0;0;0
0;0;0;0;0;0
0;0;0;0;0;0
0;0;0;0;0;0
0;0;0;0;0;0
0;0.01;0;0;5;0
0;0;0;0;0;0
0;0;0;0;0;0
0;0;0;0;0;0
0;0;0;0;0;0
0;4.98;0;0;0;18
0;0;0;0;0;1
0;44.41;0;0;0;0
0;0;0;0;0;0
0;18.34;0;0;3;1
0;0;0;0;0;0
0;0;0;0;0;0
0;2.64;0;0;19;0
0;22.63;0;0;63;0
0;0;0;0;0;0
0;0;0.25;1;0;0
0;0;0;0;0;0
0;0;0;0;0;0
0;0;0;0;0;0
0;0;0;0;0;0
0;7.86;0;0;4;0
0;0;0;0;0;0
0;0;0;0;0;0
0;0;0;0;0;0
0;9.23;0;0;0;0
0;151.23;0;0;217;642
0;0;0;0;0;0
1;12.98;0.17;1;9;1
0;10.36;3;1;2;0
0;0;0;0;0;0
0;0;0;0;0;0
0;0;0;0;0;0
0;28.2;0;0;21;0
0;9.62;0;0;0;0
0;0;0;0;0;0
0;0;0;0;0;0
0;0;0;0;0;0
0;0;0;0;0;0
0;0;0;0;0;0
0;0.79;3.2;99;97;0
0;0;0;0;0;0
0;0;0.08;1;0;0
0;0.86;6;1;0;2
0;0;0;0;0;0
0;0;0;0;0;0
0;0;0;0;0;0
0;0;0;0;0;0
0;49.16;2;7;214;181
0;38.65;0;0;235;0
0;0;0;0;0;0
0;0;0;0;0;0
0;0;0;0;0;0
0;0;0;0;0;0
0;0.36;0;0;0;3
0;0;0;0;0;0
0;0;0;0;0;2
0;1.64;0;0;0;0
443;164.86;80.17;401;1143;696
0;20.91;0;0;166;2
0;0;0;0;0;0
0;0;0;0;0;0
0;0;0;0;0;0
0;36.23;0;0;20;0
0;18.08;0;0;5;0
0;0.51;0;1;5;0
306;79.55;69.08;230;314;593
0;32.48;0;0;240;0
0;0;0;0;0;0
0;0;0;0;0;0
0;0;0;0;0;0
0;16.99;0;0;5;0
0;0;0.08;1;0;0
0;0;0;0;0;0
1238;389.34;230.95;1212;2120;2054
0;0.72;0;0;0;10
11;35.03;0;0;0;0
0;5.04;0;1;7;0
0;0;0;0;0;0
0;0;0;0;0;0
0;21.52;0;0;4;0
0;1.61;0.75;18;17;25
0;2.79;0;0;11;0
0;61.89;0;0;79;0
0;0;0;0;0;0
1;48.86;3.25;3;198;0
0;0;0;0;0;0
0;0;0;0;0;0
0;21.89;0;0;76;206
0;6.38;0;0;1;0
0;2.06;0;0;0;0
0;1.21;0;0;0;0
0;0.01;0;0;3;1
0;0;0;0;0;0
0;0;0;0;0;0
0;173.87;0;2;161;9
0;0;0;0;0;0
0;14.18;0;0;1;0
0;10.31;0;0;0;0
0;0;0;0;0;0
0;0;0;0;0;0
1;169.19;2.25;72;815;342
0;0;0;0;0;0
0;0;0;0;0;0
0;0;0;0;0;0
0;0;0;0;0;0
0;0.02;0;0;1;0
0;0;0;0;0;0
0;0;0;0;0;0
0;0;0;0;0;0
0;0;0;0;0;0
0;0;0;0;0;0
0;0;0;0;0;0
0;0;0;0;0;0
17;29.43;0;2;1;0
0;0.26;0;0;6;0
0;0;0;0;0;0
0;0;0;0;0;0
0;3.25;0;0;3;0
0;0;0;0;0;0
0;1.05;0;0;7;0
0;22.16;1;5;15;39
0;0;0;0;0;0
0;0;0;0;0;0
0;0;0;0;0;0
0;0;0;0;0;0
0;0;0;0;0;0
3;37.84;1.75;2;63;13
0;0;0;0;0;0
0;30.46;0;0;5;0
0;2.23;0;1;0;12
0;0;0;0;0;0
0;22.92;0;0;0;0
0;0;0;0;0;0
0;0;0;0;0;0
0;0;0;0;0;0
0;0;0;0;0;0
10;0.87;0;3;11;4
0;0;0;0;0;0
0;2.09;0;0;0;12
0;84.8;0;0;559;4
0;0;0;0;0;0
0;0;0;0;0;0
1521;407.19;1405.72;1423;2052;1157
31;61.33;12.12;47;85;106
7;62.21;0.75;2;15;18
0;0;0;0;0;0
0;0;0;0;0;0
0;4.02;0;0;0;21
0;0;0;0;0;0
0;0;0;0;0;0
1;0;0;0;0;0
0;0;0;2;0;0
0;0;0;0;0;0
0;9.62;0;0;0;0
0;2.46;0;0;1;0
0;0;0;0;0;0
0;44.02;0;0;173;0
0;18.64;0.67;1;18;29
0;0;0;0;0;0
0;13.44;0;0;0;0
0;0;0;0;0;0
0;0;0;0;0;0
11;0;0;0;0;0
0;0;0;0;0;0
0;0;0;0;0;0
0;0;0;0;0;0
0;19.43;0;0;138;0
0;331.43;10.33;11;104;5
0;0;0;0;0;0
0;1.17;0;0;2;0
0;8.24;0.25;3;2;119
0;0;0;0;0;0
0;0;0;0;0;0
0;0;0;0;0;0
0;0;0;0;0;0
0;0;0;0;0;0
0;0;0;0;0;0
0;0;0;0;0;0
0;28.92;0;0;83;0
0;0;0;0;0;0
1;6.6;0;0;22;2
0;0;0;0;0;0
49;4.72;0.5;1;2;12
0;0;0;0;0;0
0;0;0;0;0;0
0;0;0;0;0;0
0;0;0;0;0;0
0;2.55;5.98;17;33;1
0;0;0;0;0;0
0;0;0;0;0;0
0;0.06;0;0;1;0
0;0;0;0;0;0
0;0;0;0;0;0
0;48.69;1.75;0;7;1
0;0;0;0;0;0
0;0;0;0;0;0
0;0;0;0;0;0
0;0;0;0;0;0
0;0;0;0;0;0
0;0;0.08;1;0;0
1189;175.68;221.35;1142;1917;1669
0;0;0;0;0;0
0;6.29;0;0;1;0
0;28.83;0;16;162;29
0;0;0;0;0;0
0;0;0;0;0;0
6;21.32;0;0;20;9
0;0;0.08;1;0;0
0;0;0;0;0;0
0;1.92;0;0;0;0
0;0;0;0;0;0
0;1.67;0;0;0;0
0;47.4;0;0;97;59
0;0;0;0;0;0
0;0;0;0;0;0
0;0;0;0;0;0
0;0;0;0;0;0
0;0;0;0;0;0
0;0;0;0;0;0
0;13.72;0;0;7;0
0;0;0;0;0;0
0;0;0;0;0;0
0;0;0;0;0;0
0;0;0;0;0;0
0;0.03;0;0;0;0
0;2.38;0;0;0;0
0;0;0;0;0;0
0;0;0;0;0;0
0;0;0;0;0;0
0;0;0;0;0;0
0;0;0;0;0;0
0;0;0;0;0;0
0;0;0;0;0;0
0;0;0;0;0;0
0;0;0;0;0;0
0;0;0;0;0;0
0;0;0;0;0;0
0;1.75;0;0;0;0
0;0;0;0;0;0
0;126.87;0;0;340;0
0;0;0;0;0;0
0;0;0;0;0;0
0;0;0;0;0;0
0;0;0;0;0;0
0;0;0;0;0;0
0;0;0;0;0;0
0;0;0;0;0;0
0;0;0;0;0;0
0;0;0;2;0;0
0;0;0;0;0;0
0;0;0;0;0;0
0;6.62;0;2;46;3
0;0;0;0;0;0
0;35.01;0;9;237;0
0;5.25;0;0;2;3
0;0;0;0;0;0
0;0;0;0;0;0
0;34.24;0;0;2;0
0;0;0;0;0;0
0;0;0;0;0;0
0;6.02;0;0;2;0
0;0;0;0;0;0
0;0;0;0;0;0
0;0;0;0;0;0
0;0;0;0;0;0
0;0;0;0;0;0
0;12.87;0;0;35;0
179;306.94;29.28;96;771;375
0;0;0;0;0;0
0;0;0;0;0;0
0;60.6;0;0;8;11
0;0;0;0;0;0
0;0;0;0;0;0
0;6.34;13.52;50;77;8
0;85.18;0;24;420;1
0;82.05;0;1;143;226
0;13.86;0;0;0;0
0;0;0;0;0;0
0;0;0;0;0;0
0;6.61;0;0;2;0
0;0;0;0;0;0
0;0;0;0;0;0
0;1.74;0;0;0;0
0;0;0;0;0;0
0;4.91;0;0;1;4
0;0;0;0;0;0
0;0;0;0;0;0
0;4.4;0;0;0;6
0;0;0;0;0;0
0;0;0;0;0;0
0;6.12;0;0;5;0
31;25.7;7.75;34;88;231
0;2.43;0;0;5;5
1;1.43;0;1;22;3
94;20.69;17.75;77;215;219
0;0;0;0;0;0
0;0;0;0;0;0
0;0;0;0;0;0
0;0;0;0;0;0
0;0.25;0;0;0;2
0;75.95;0;0;2;0
0;0;0;0;0;0
0;0;0;0;0;0
0;0;0;0;0;0
0;0;0;0;0;0
0;0;0;0;0;0
0;0;0;0;0;0
6;9.35;0;3;64;74
0;0;0;0;0;0
0;25.02;0;0;13;0
0;218.52;0;2;1645;26
0;0;0;0;0;0
0;0;0;0;0;0
0;0;0;0;0;0
94;20.69;17.75;77;215;219
0;0;0;0;0;0
0;0;0;0;0;0
0;0;0;0;0;0
0;0;0;0;0;0
0;0;0;0;0;0
0;1.63;0;0;0;0
0;0;0;0;0;0
0;0;0;0;0;0
8;0.15;3;12;16;2
0;29.91;0;0;1;5
1511;224.5;685.19;1345;2550;1208
0;0;0;0;0;0
0;0;0;0;0;0
0;0;0;0;0;0
0;0;0;0;0;0
0;0;0;0;0;0
0;0;0;0;0;0
0;0;0;0;0;0
94;20.69;17.75;77;215;219
0;0;0;0;0;0
0;0;0;0;0;0
0;0.25;0;0;1;0
0;27.5;0;0;1;0
0;0;0;0;0;0
0;0;0;0;0;0
0;0;0;0;0;0
0;0;0;0;0;0
0;0;0;0;0;0
0;0;0;0;0;0
1;14.2;1;7;73;144
0;37.77;0.5;36;249;1
0;0;0;0;0;0
0;2.65;0;0;0;0
0;0;0;0;0;0
482;197.67;268.88;251;204;718
0;0;0;0;0;0
0;0;0;0;0;0
0;0;0;0;0;0
0;0;0;0;0;0
0;0;0;0;0;0
44;43.95;27.42;37;192;5
0;0;0;0;0;0
0;0;0;0;0;0
0;0;0;0;0;0
0;0;0;0;0;0
0;19.62;0.25;3;206;56
0;0;0;0;0;0
0;0;0;0;0;0
57;20.02;0;7;2;16
0;0;0;0;0;0
0;0.03;0.13;4;4;0
0;1.41;0.08;2;10;0
45;60.74;0;11;518;0
0;15.43;0;0;160;0
0;0;0;0;0;0
0;0;0;0;0;0
0;0;0;0;0;0
0;0;0;0;0;0
0;0;0;0;0;0
0;13.89;0;0;11;0
0;0;0;0;0;0
58;67.61;0;1;3;11
0;0;0;0;0;0
0;202.07;0;0;861;0
183;45.66;119.22;343;861;257
0;24.42;0;77;208;2
0;0;0;0;0;0
0;45.62;3;2;7;0
0;0;0;0;0;0
0;210.65;0;0;693;61
0;0;0;0;0;0
3;47.31;3.5;8;4;119
0;0;0;0;0;0
0;0;0;0;0;0
0;0;0;0;0;0
0;78.79;0;0;129;9
0;0;0;0;0;0
0;33.97;0;0;6;1
0;0;0;0;0;0
0;0;0;0;0;0
0;0;0;0;0;0
949;262.56;181.9;939;2107;1741
0;0;0;0;0;0
0;99.66;0;1;210;0
0;0;0;0;0;0
0;0;0.27;5;1;0
1;40.73;0;10;227;8
0;0;0;0;0;0
0;2.09;0;0;0;12
0;0;0;0;0;0
0;0;0;0;0;0
0;0;0;0;0;0
0;32.34;0;0;250;0
18;77.39;23;78;127;708
0;0;0;0;0;0
935;192.45;301.05;627;989;1864
0;0;0;0;0;0
0;0;0;0;0;0
0;0;0;0;0;0
0;0;0;0;0;0
0;0.58;0;0;0;0
0;0.46;0;0;0;3
0;1.91;0;0;0;0
0;0;0;0;0;0
0;0;0;0;0;0
0;0;0;0;0;0
31;11.47;1.75;9;126;111
0;0;0;0;0;1
0;0;0;0;0;0
961;370.77;0;0;1223;16
0;0;0;0;0;0
0;0;0;0;0;0
0;0;0;0;0;0
0;0;0;0;0;0
0;0;0;0;0;0
0;0;0;0;0;0
6;1.06;0.17;3;5;10
0;0;0;0;0;0
7;381.05;5;13;1136;2
8;220.85;18;8;210;11
0;0;0;0;0;0
143;814.85;134.33;183;3414;438
0;0;0;0;0;0
0;0;0;0;0;0
0;0;0;1;0;0
904;141.11;573.76;855;872;1700
0;19.04;4.5;21;54;107
0;5.52;0;0;95;0
0;0;0;0;0;0
0;0;0;0;0;0
0;11.23;0;0;40;0
0;0;0;0;0;0
614;176.49;208.02;923;1105;1280
0;0;0;0;0;0
1533;361.81;298.45;1361;2710;2524
0;0;0;0;0;0
0;0;0;0;0;0
0;0.38;2.5;10;17;10
0;0.47;0;0;5;1
0;0;0;0;0;0
0;0.26;0;0;4;0
0;2.53;0;0;9;0
0;0;0;0;0;0
0;0;0;0;0;0
0;2.8;0;0;1;0
0;0;0;0;0;0
0;0;0;0;0;0
0;0;0;0;0;0
0;0;0;0;0;0
0;0;0;0;0;0
0;0;0;0;0;0
0;97.97;0;0;4;4
0;0;0;0;0;0
0;137.21;1.5;1;38;3
0;0;0;0;0;0
0;50.41;16;6;10;1
0;73.39;0;1;52;59
0;2.02;0;0;0;0
0;0;0;0;0;0
0;0;0;0;0;0
0;0;0;0;0;0
0;1.44;0;0;0;8
0;64.61;0;5;268;18
0;0;0;0;0;0
0;0;0;0;0;0
0;0;0;0;0;0
17;109.35;0.25;5;191;3
0;41.6;0;0;34;26
0;0.31;0;0;2;0
0;1.61;0;0;0;0
0;281.58;0;0;297;0
0;11.8;0;0;4;3
0;3.92;0;0;0;18
0;0;0;0;0;0
0;0.24;0;0;2;0
0;2.73;0;0;2;0
81;61.49;0.79;57;1834;58
0;28.97;0;0;0;11
0;0;0;0;0;0
0;0;0;0;0;0
0;83.66;0;0;377;5
0;0;0.08;1;0;0
34;167.44;4.63;17;1051;227
0;0;0;0;0;0
0;0;0;0;0;0
0;0;0;0;0;0
0;0;0;0;0;0
0;0;0;0;0;0
31;0.52;7.5;15;14;4
0;0;0;0;0;0
0;100.46;0;0;125;16
0;0;0;0;0;0
1;17.04;0.25;4;0;38
0;13.34;0;0;11;0
6;0;0;0;0;0
0;0;0;0;0;0
0;0;0;0;0;0
0;0;0;0;0;0
0;0.33;0;0;5;0
0;0;0;0;0;0
0;0;0;0;0;0
0;0;0;0;0;0
0;26.13;0;1;157;0
0;34.6;0;0;2;0
0;0;0;0;0;0
0;0;0;0;0;0
0;0;0;0;0;0
0;0;0;0;0;0
0;0;0;0;0;0
0;0;0;0;0;0
0;0;0;0;0;0
0;2.62;0;0;0;0
0;0;0;0;0;0
0;26.98;0;0;5;0
268;264.17;60.63;252;1353;769
0;0;0;0;0;0
0;0.65;0;0;3;2
0;0;0;0;0;0
0;0;0;0;0;0
0;0;0;0;0;0
0;0;0;0;0;0
0;0;0;0;0;0
0;0.25;0;0;1;0
0;0;0;0;0;0
5;171.06;15;14;484;36
1;24.55;0;11;198;2
0;45.63;0;0;136;12
0;5.45;0;0;15;1
0;0;0;0;0;0
0;10.87;0;0;49;2
0;81.21;1.17;16;366;81
0;0;0;0;0;0
0;44.34;0;0;1;0
0;13.3;0;0;3;1
0;103.58;0;1;200;0
0;113.19;0;0;21;344
0;0;0;0;0;0
0;9.62;0;0;9;0
0;0;0;0;0;0
0;0;0;0;0;0
0;1.25;0;0;2;0
0;0;0;0;0;0
0;0;0;0;0;0
29;0;0;2;0;0
196;201.18;115.42;149;670;960
0;0;0;0;0;0
1524;431.27;287.38;1309;1739;2660
75;30.2;8.1;70;335;79
0;0;0;0;0;0
0;0;0;0;0;0
0;9.94;0;0;52;0
0;0;0;0;0;0
0;0;0;0;0;0
102;63.33;2.41;56;1006;111
0;7.19;0;0;0;0
0;0;0;0;0;0
0;2.92;0;0;0;3
0;0;0;0;1;0
0;0;0;0;0;0
0;0;0;0;0;0
0;0;0;0;0;0
0;0;0;0;0;0
0;17.49;0;0;0;4
0;0;0;1;0;0
0;0;0;0;0;0
0;0;0;0;0;0
0;0;0;0;0;0
0;0;0;0;0;0
0;0;0;0;0;0
0;0;0;0;0;0
0;0;0;0;0;0
0;38.53;0;0;195;42
0;0;0;0;0;0
0;0.3;0;0;0;10
0;3.71;0;0;22;0
0;0;0;0;0;0
0;0;0;0;0;0
0;91.79;0;0;92;0
0;0;0;0;0;0
0;0;0;0;0;0
0;0;0;0;0;0
0;0;0;0;0;0
0;0;0;0;0;0
15;3.33;2.83;18;74;30
0;0;0;0;0;0
0;0;0;0;0;0
0;0;0;0;0;0
0;0;0;0;0;0
0;35.65;0;0;6;0
0;0;0;0;0;0
0;0;0;0;0;0
0;0;0;0;0;0
0;4.92;0;0;2;6
0;0;0;0;0;0
0;0;0;0;0;0
0;0;0;0;0;0
0;0;0;0;0;0
0;0;0;0;0;1
210;135.73;43.78;213;884;392
0;0;0;0;0;0
0;0;0;0;0;0
0;0;0;0;0;0
0;0;0;0;0;0
0;0;0;0;0;0
0;0;0;0;0;0
0;0;0;0;0;0
0;0.02;0;0;0;0
93;6.52;0;0;17;28
0;0;0;0;0;0
0;0;0;0;0;0
0;0;0;0;0;0
0;6.63;0;0;0;26
0;0;0;0;0;0
0;0;0;0;0;0
0;0;0;0;0;2
0;0;0;0;0;0
0;16.56;0;0;7;0
0;9.8;0;0;2;0
0;0;0;0;0;0
0;95.66;0;0;573;0
0;0;0;0;0;0
0;43.11;0;0;0;0
0;0;0;0;0;0
0;0.01;0;0;3;0
0;0;0;0;0;0
0;23.61;0;0;0;6
0;0;0;0;0;0
0;0;0;0;0;0
3;0.24;0;0;0;4
0;0;0;0;0;0
0;0;0;0;0;0
0;2.58;0;0;1;0
0;100.8;0;2;366;0
0;0;0;0;0;0
0;0;0;0;0;0
0;0;0;0;0;0
0;0;0;0;0;0
0;6.72;0;0;36;0
0;0;0;0;0;0
0;0;0;0;0;0
0;3.55;0;0;3;0
0;3.06;0;0;4;7
0;0;0;0;0;0
0;4.4;0;0;0;6
0;60.85;0.5;1;27;0
0;0;0;0;0;0
0;17.34;0;0;0;0
0;0;0;0;0;0
0;344.7;16.42;13;292;735
0;18.67;0;0;123;0
0;0;0;0;0;0
0;0;0;0;0;0
0;0;0;0;0;0
0;0;0;0;0;0
0;0;0;0;0;0
0;24.64;0;0;52;0
0;11.2;0;0;0;3
0;8.19;0;0;20;15
0;0;0;0;0;0
0;0;0;0;0;0
0;0;0;0;0;0
0;0;0;0;0;0
0;0;0;0;0;0
0;0;0;0;0;0
5;377.61;2.97;5;965;23
0;26.72;0;0;11;0
0;0;0;0;0;0
0;0;0;0;0;0
0;50.02;3.5;3;71;8
0;0;0;0;0;0
0;0;0;0;0;0
0;0;0;0;0;0
0;0;0;0;0;0
0;0;0;0;0;0
0;0;0;0;0;0
0;0;0;0;0;0
0;0;0;0;0;0
5;0;0;0;0;0
220;27.32;0;69;1;724
0;6.06;0;0;59;12
0;0;0;0;0;0
0;0;0;0;0;0
0;0;0;0;0;0
0;0;0;0;0;0
0;6.36;0;0;21;0
0;0;0;0;0;0
0;0;0;0;0;0
0;0;0;0;0;0
451;71.28;127.59;134;174;123
0;0;0;0;0;0
0;0.27;0;0;5;0
0;8.96;0;4;18;0
0;0;0;0;0;0
0;0;0;0;0;0
0;0.25;0;0;1;0
0;0;0;0;0;0
0;58.85;19.25;27;135;65
249;39.76;59.83;241;342;252
0;0;0;0;0;0
0;45.63;0;0;136;12
0;74.51;0;0;8;0
434;66.84;90.08;355;658;480
0;0;0;0;0;0
0;1.11;0;0;0;1
0;0;0;0;0;0
0;0;0;0;0;0
0;0;0;0;0;0
0;35.06;0;0;118;265
0;0;0;0;0;0
0;0;0;0;0;0
0;44.78;0.25;2;184;142
0;12.2;0;0;41;146
0;0;0;0;0;0
0;0;0;0;0;0
0;0;0;0;0;0
0;0;0;0;0;0
0;0.04;0.35;4;3;0
0;0;0;0;0;0
6;0.29;0.02;1;15;8
0;0;0;0;0;0
0;13.32;0;0;107;0
0;0;0;0;0;0
25;2.78;12.42;26;42;34
0;0;0;0;0;0
0;0;0;0;0;0
133;124.58;26;26;114;164
0;0;0;0;0;0
0;6.46;0.5;1;0;0
0;0;0;0;0;0
0;0;0;0;0;0
0;0;0;0;0;0
0;0;0;0;0;0
0;0;0;0;0;0
0;0;0;0;0;0
0;11.26;0;0;55;0
0;0;0;0;0;0
0;0;0;0;0;0
0;28.83;0;16;162;29
0;0;0;0;0;0
463;106.43;108.5;434;622;727
1;0.07;0;1;0;1
0;0;0;0;0;0
0;0;0;0;0;0
0;0;0;0;0;0
0;0;0;0;0;0
0;0;0;0;0;0
0;4.09;0;0;0;14
0;0;0;0;0;0
0;0;0.08;1;0;0
0;0;0;0;0;0
0;0;0;0;0;0
0;0;0;0;0;0
0;0;0;0;0;0
0;8.68;1.67;10;72;0
8;13.69;4.75;18;154;29
6;0;0;0;0;0
0;17.38;0;0;0;0
0;1.14;0;0;16;7
94;20.81;26.98;108;120;181
0;0;0;0;0;0
0;0;0;0;0;0
0;0;0;0;0;0
0;0;0;0;0;0
0;0;0;0;0;0
0;0;0;0;0;0
0;0;0;0;0;0
0;0;0;0;0;0
0;0;0;0;0;0
0;0;0;0;0;0
0;0;0;0;0;0
0;0;0;0;0;0
0;0;0;0;0;0
0;0;0;0;0;0
0;0;0;0;0;0
0;0;0;0;0;0
1099;339.84;608.33;895;1598;2097
0;0;0;0;0;0
0;0;0;0;0;0
1304;294.4;267.62;1164;1278;608
0;153.24;0;0;528;0
0;0;0;0;0;0
0;0;0;0;0;0
0;0;0;0;0;0
0;0;0;0;0;0
0;20.59;0;13;307;0
0;199.63;0;0;887;0
0;16.11;0;0;0;0
0;14.96;7;11;11;5
0;25.49;0;0;5;0
0;1.5;0.77;3;6;0
0;0;0;0;0;0
0;0;0;0;0;0
0;0;0;0;0;0
0;0;0;0;0;0
0;0;0;0;0;0
0;0;0;0;0;0
0;0;0;0;0;0
0;0;0;0;0;0
0;421.98;0;0;812;13
0;15.46;1;2;37;22
0;0;0;0;0;0
0;0;0;0;0;0
0;0;0;0;0;0
0;0;0;0;0;0
0;0;0;0;0;0
0;0;0;0;0;0
0;0;0;0;0;0
0;22.27;0;0;0;0
0;0;0;0;0;0
0;3.63;0;1;11;1
0;0;0;0;0;0
0;0;0;0;0;0
0;0;0;0;0;0
0;0;0;0;0;0
0;3.5;2.75;11;14;0
66;39.26;3;3;6;100
0;0;0;0;0;0
0;0;0;0;0;0
0;0;0;0;0;0
0;8.37;0;0;0;0
0;0;0;0;0;0
0;0;0;0;0;0
0;0;0;0;0;0
0;0;0;0;0;0
135;83.87;221.83;375;426;962
0;0;0;0;0;0
0;0;0;0;0;0
0;340.32;0;3;1419;49
0;0;0;0;0;0
0;0;0;0;0;0
0;2.42;0;0;0;0
0;3.6;0;0;1;8
0;0;0;0;0;0
0;0;0;0;0;0
0;0;0;0;0;0
0;0;0;0;0;0
0;0;0;0;0;0
7;62.21;0.75;2;15;18
0;0;0;0;0;0
0;0;0;0;0;0
0;5.39;0;0;25;0
0;0;0;0;0;0
0;0.27;0;0;0;4
0;0;0;0;0;0
0;1.97;0;0;0;0
0;0;0;0;0;0
0;1.54;0;1;9;11
0;16.25;0;0;0;0
0;2.37;0;0;1;0
0;0;0;0;0;0
0;0;0;0;0;0
0;0;0;0;0;0
0;0;0;0;0;0
0;0;0;0;0;0
0;0;0;0;0;0
0;0;0;0;0;0
0;9.29;0;0;61;0
0;0;0;0;0;0
0;0;0;0;0;0
0;79.7;0;0;205;11
0;0;0;0;0;0
0;28.12;24.5;21;50;26
0;0;0;0;0;0
0;1.89;1;11;33;0
0;0;0;0;0;0
0;1.43;0;0;0;7
0;0;0;0;0;0
0;0;0;0;0;0
175;117.42;0;0;501;75
0;23.34;0;0;2;0
0;0;0;0;0;0
0;0;0;0;0;0
173;60.92;106.1;101;206;122
94;20.69;17.75;77;215;219
0;1.35;0;0;5;7
0;0;0;1;0;0
0;0;0;0;0;0
2592;288.36;1326.07;1813;2326;845
0;4.45;0;0;9;0
0;0;0;0;0;0
0;50.63;0;0;1;0
0;0;0;0;0;0
0;0;0;0;0;0
0;1.27;0;0;14;12
0;0;0;0;0;0
0;0;0;0;0;0
0;57.55;0;0;149;1
0;29.62;0;0;2;0
0;57.33;0;0;28;0
0;0;0;0;0;0
0;0;0;0;0;0
0;17.32;0;0;46;79
0;0;0;0;0;0
0;0;0;0;0;0
0;0.25;0;0;1;0
0;0;0;0;0;0
0;0;0;0;0;0
0;0;0;0;0;0
0;0;0;0;0;0
0;0;0;0;0;0
0;0;0;0;0;0
0;0;0;0;0;0
461;249.88;0;1;1249;127
0;0;0;0;0;0
0;2.59;0;0;0;0
0;0;0;0;0;0
0;0;0;0;0;0
0;2.97;0;0;0;0
0;0;0;0;0;0
0;0;0.08;1;0;0
0;0.02;0;0;2;0
0;0;0;0;0;0
0;13.27;0;0;0;0
0;44.63;0;3;246;0
0;45.63;0;0;136;12
5;0.12;0.42;5;5;10
0;4.69;0;0;36;4
0;0;0;0;0;0
494;115.41;115.5;457;568;784
0;0;0;0;0;0
0;0;0;0;0;0
0;145.08;8;4;265;6
0;0;0;0;0;0
0;106.89;0;0;413;0
0;0;0;0;0;0
0;0;0;0;0;0
0;58.48;0.5;20;340;40
0;0;0;0;0;0
0;0;0;0;0;0
31;11.09;13.25;53;109;55
0;0;0;0;0;0
0;0;0;0;0;0
0;3.35;0;4;8;0
0;3.03;0;0;0;1
0;61.35;0.25;39;213;337
0;73.96;0;0;358;0
0;0;0;0;0;0
0;24.79;0;0;0;0
0;8.02;0;0;0;0
0;2.43;0;0;1;0
0;3.98;0.92;4;30;0
0;0.22;0;0;0;0
0;0;0;0;0;0
0;43.83;24;105;212;546
0;0;0;0;0;0
0;0;0;0;0;0
0;15.09;0;0;6;0
94;20.69;17.75;77;215;219
0;0;0;0;0;0
0;0;0;0;0;0
0;4.15;0;0;2;0
5;49.91;3;15;95;12
0;0;0;0;0;0
0;0;0;0;0;0
0;0;0;0;0;0
0;0;0;0;0;0
0;1.93;0.5;7;31;1
0;0;0;0;0;0
0;21.09;3;1;2;2
0;0;0;0;0;0
0;0;0;0;0;0
0;0;0;0;0;0
0;0;0;0;0;0
0;0;0;0;0;0
0;1.94;0;0;0;0
0;0;0;0;0;1
0;0;0;0;0;0
0;0;0;0;0;0
137;93.06;37.85;77;620;689
0;0;0;0;0;0
0;2.91;0;0;0;0
0;0;0;0;0;0
0;0;0;0;0;0
0;0;0;0;0;0
0;80.19;3.42;4;108;1
0;0;0;0;0;0
4;77.77;5.5;20;118;957
0;0;0;0;0;0
0;105.09;0.05;1;552;519
0;0;0;0;0;0
0;4.69;0;0;0;15
0;27.8;0;0;187;53
0;0.54;0;0;1;0
0;0;0;0;0;0
0;0;0;0;0;0
0;0;0;0;0;0
0;0;0;0;0;0
0;167.28;0;0;387;1
0;0;0;0;0;0
0;0;0;0;0;0
0;1.49;0;0;3;3
0;0;0;0;0;0
0;0;0;0;0;0
0;0;0;0;0;0
0;22.11;0;0;2;33
0;0;0;0;0;0
0;0;0;0;0;0
0;0;0;0;0;0
0;7.72;1.5;8;17;0
0;0;0;0;0;0
0;0;0;0;0;0
0;4.55;0;6;10;0
0;0;0;0;0;0
0;0;0;0;0;0
0;0;0;0;0;0
0;1.03;0;0;13;1
68;3.89;0;0;1;9
0;0;0;0;0;0
0;19.49;0;0;69;0
0;1.78;0;0;0;0
0;0;0;0;0;0
6;151.96;4.75;5;33;11
0;0;0;0;0;0
0;10.08;0;0;3;0
0;0;0;0;0;0
0;0;0;0;0;0
307;295.08;392.39;1229;1246;73
0;0;0;0;0;0
0;2.78;0;0;67;7
300;249.45;3677.54;821;1138;608
0;0;0;0;0;0
0;0;0;0;0;0
0;0.03;0;0;5;0
27;116.25;31.05;93;455;243
0;0;0;0;0;0
0;1.83;0;0;0;0
0;0;0;0;0;0
0;5.02;0;0;14;23
0;0;0;0;0;0
0;0;0;0;0;0
0;0;0;0;0;0
0;9.99;0;0;2;1
0;0.07;0;0;5;0
0;0;0;0;0;0
0;0;0;0;0;0
0;0;0;0;0;0
0;0;0;0;0;0
0;81.99;6;3;52;2
1;0.59;0.03;1;1;1
0;0.15;0;0;5;0
0;0;0;0;0;0
0;0;0;0;0;0
0;0;0;0;0;0
0;0;0;0;0;0
0;0;0;0;0;0
0;0;0;0;0;0
0;0;0;0;0;0
0;0;0;0;0;0
338;206.38;18.58;69;657;211
0;0;0;0;0;0
0;114.12;0;5;35;367
0;0;0;0;0;0
0;0;0;0;0;0
0;0;0;0;0;0
0;0;0;0;0;0
0;1.5;0;0;1;0
0;0;0;0;0;0
0;0.31;0;0;17;0
0;0;0;0;0;0
0;0;0;0;0;0
0;3.3;0;0;1;17
0;0;0;0;0;0
1;44.6;0;3;65;6
0;0;0;0;0;0
0;0;0;0;0;0
0;18.09;0;0;7;1
0;29.48;0;0;4;0
0;0;0;0;0;0
0;0.21;1.98;13;13;0
0;0;0;0;0;0
0;0;0;0;0;0
0;0;0;0;0;0
0;28.83;0;16;162;29
0;1.43;0;0;0;0
0;0;0;0;0;0
0;0;0;0;0;0
0;0;0;0;0;0
0;9.56;0;0;7;56
18;43.02;3.08;17;642;110
0;0;0;0;0;0
0;0;0;0;0;0
0;0;0;0;0;0
0;0;0;0;0;0
0;0.34;0.25;1;2;1
0;0;0;0;0;0
0;0;0;0;0;0
0;29.5;0;0;3;0
0;0;0;0;0;0
0;0;0;0;0;0
0;0;0;0;0;0
0;0;0;0;0;0
0;1.5;0;0;4;0
0;0.34;0;0;5;5
14;125.12;12.25;21;313;114
0;0.28;0.28;6;6;0
0;2.06;0;0;0;0
0;0;0;0;0;0
0;0;0;0;0;0
27;61.23;14.99;46;95;371
0;0.11;0.15;6;1;0
0;0;0;0;0;0
0;0;0;0;0;0
0;0;0;0;0;0
0;87.32;0;0;103;1
0;0;0;0;0;0
0;0.07;0;0;4;0
0;0;0;0;0;0
0;0;0;0;0;0
0;8.5;0;0;29;0
0;84.73;0;0;213;4
0;0;0;0;0;0
0;81.99;6;3;52;2
0;133.56;0;0;263;105
8;0.29;0.1;6;7;10
0;0;0;0;0;0
0;0;0;0;0;0
90;19.91;20.25;80;171;159
7;62.21;0.75;2;15;18
0;0;0;0;0;0
0;0;0;0;0;0
52;141.46;4.25;7;39;9
0;0;0;0;0;0
37;41.25;5.47;123;672;21
0;0;0;0;0;0
0;0;0;0;0;0
0;0;0;0;0;0
0;2.46;0;0;1;0
0;0;0;0;0;0
0;3.29;0;0;0;0
0;0;0;0;0;0
0;0;0;0;0;0
0;0;0;0;0;0
0;0.67;0;0;0;10
0;0;0;0;0;0
0;0;0;0;0;0
0;0;0;0;0;0
0;0;0;0;0;0
0;0;0;0;0;0
0;0;0;0;0;0
0;1.09;0;0;13;0
0;6.96;0;0;47;0
0;6.12;0;0;5;0
0;0;0;0;0;0
0;4.09;0;0;2;0
0;0;0;0;0;0
0;14.12;0;0;20;0
0;0;0;0;0;0
0;16.3;0;2;6;0
0;0;0;0;0;0
0;0;0;0;0;0
0;5.69;0;0;1;0
0;7.62;0;0;0;10
0;0;0;0;0;0
0;0;0;0;0;0
0;0;0;0;0;0
0;0;0;0;0;0
0;4.85;0;0;1;59
0;0;0;0;0;0
0;0;0;0;0;0
0;24.27;0;0;57;0
0;2.63;1.5;6;50;0
0;0;0;0;0;0
0;0;0;0;0;0
20;26.29;38.08;118;250;163
4;226.1;1.25;5;934;289
0;0;0;0;0;0
0;1.87;0;0;0;0
0;0;0;0;0;0
0;156.96;0;0;612;0
0;0;0;0;0;0
0;0;0;0;0;0
0;0;0;0;0;0
0;47.58;0;0;34;0
0;0;0;0;0;0
0;0;0;0;0;0
0;68.19;0;0;60;30
1;20.55;0.25;6;43;39
0;2.82;0;0;5;0
1090;375.83;451.07;1237;1228;912
0;0;0;0;0;0
0;26.55;0;0;331;1
0;0;0;0;0;0
0;22.36;0;0;45;35
0;58.88;0;0;144;0
0;33.89;0;0;0;0
0;0;0;0;0;0
0;42.37;0;0;199;0
57;5.78;0;0;7;1
0;0;0;0;0;0
0;0;0;0;0;0
0;0;0;0;0;0
0;1.56;0;0;5;0
0;0;0;0;0;0
0;0;0;0;0;0
1483;214.29;252.37;1228;1553;1342
0;0;0;0;0;0
0;2.1;0;0;0;0
0;13.27;0;0;0;0
0;0;0;0;0;0
0;0;0;0;0;0
0;0;0;0;0;0
0;3.04;0;0;5;0
0;0;0;0;0;0
0;0;0.25;1;0;0
0;0;0;0;0;0
48;42.12;2.83;2;6;5
0;0;0;0;0;0
0;32.73;1;1;3;0
0;45.25;0;0;15;8
0;2.66;0;0;0;0
0;0;0;0;0;0
0;0;0;0;0;0
0;0;0;0;0;0
0;0;0;0;0;0
0;0;0;0;0;0
39;21.16;0;8;35;261
0;17.07;0;0;0;0
0;32.01;0;0;3;2
0;0;0;0;0;0
0;0;0;0;0;0
0;0;0;0;0;0
0;0.29;0;8;10;0
0;0;0;0;0;0
0;0;0;0;0;0
0;55.16;0;0;13;0
0;0;0;0;0;0
0;0;0;0;0;0
2;2.47;0.42;1;1;29
0;0;0;0;0;0
0;15.54;0;0;0;0
0;0;0;0;0;0
0;28.15;0;1;92;0
0;0;0;0;0;0
0;57.47;0;0;0;0
0;55.85;0;0;8;0
0;0;0;0;0;0
0;0;0;0;0;0
0;0;0;0;0;0
0;0;0;0;0;0
0;0;0;0;0;0
0;0;0;0;0;0
0;0;0;0;0;0
0;77.09;0;0;1;0
0;3.9;0.75;4;20;36
0;3.1;0;0;1;1
0;0;0;0;0;0
0;55.85;0;0;8;0
0;0;0;0;0;0
0;0;0;0;0;0
0;0;0;0;0;0
0;8.16;0;0;0;0
0;0;0;0;0;1
0;0;0;0;0;0
0;0;0;0;0;0
0;0;0;0;0;0
0;0;0;0;0;0
0;0;0;0;0;0
0;0;0;0;0;0
0;0;0;0;0;0
0;1.75;0;0;0;0
0;3.51;0;0;7;0
0;8.62;0;0;0;0
0;15.41;0;0;0;0
0;0.01;0;0;5;0
0;0;0;0;0;0
125;156.13;27;29;139;142
0;0;0;0;0;0
0;3.42;2.5;13;33;14
0;0.02;0;0;1;0
0;0;0;0;0;0
0;0;0;0;0;0
0;0.02;0;0;2;0
0;0;0;0;0;0
0;0;0;0;0;1
0;0;0.17;3;0;0
0;0;0;0;0;0
1;21.74;0;0;0;2
0;0;0;0;0;0
0;0;0;0;0;0
0;0;0;0;0;0
0;0;0;0;0;0
0;2.02;0;0;0;0
0;0;0;0;0;0
0;2.3;0;0;7;0
0;78.21;0;0;182;0
0;20.14;0;0;150;0
0;1.33;0;0;4;0
0;0;0;0;0;0
0;0;0;0;0;0
55;7.88;0.67;1;2;1
0;0;0;0;0;0
0;0;0;0;0;0
0;0;0;0;0;0
0;0;0;0;0;0
0;2.5;0;0;0;0
0;0;0;0;0;0
223;443.89;0;1;1401;0
0;8.51;0;0;12;0
0;27.68;0;0;32;33
0;0;0;0;0;0
0;1.74;0;0;0;0
0;3.48;0;0;0;0
0;9.87;0;0;0;30
0;0;0;0;0;0
4;19.22;0.07;5;69;3
8;260.23;12.08;144;1596;48
1191;498.75;462.72;1215;1884;1995
0;0;0;0;0;0
7;1.1;1.4;15;15;25
0;0;0;0;0;0
0;0;0;0;0;0
0;0;0;0;0;0
0;0;0;0;0;0
0;0;0;0;0;0
0;7.72;1.5;8;17;0
0;0;0;0;0;0
0;56.05;58;92;409;23
0;0;0;0;0;0
0;0;0;0;0;0
0;6;0;0;0;5
0;26.69;0;0;41;0
72;427.84;9.48;13;285;314
0;0;0;0;0;0
0;0;0;0;0;0
0;229.96;0;0;190;1
0;0;0;0;0;0
0;221.19;0;0;993;0
1629;272.16;275.34;1387;3931;703
0;0;0;0;0;0
0;0;0;0;0;0
0;0;0;0;0;0
0;0;0;0;0;0
0;4.37;0;0;0;0
0;0;0;0;0;0
0;0;0;0;0;0
0;25.4;0;6;87;1
0;0;0;0;0;0
0;0;0;0;0;0
0;0.04;0;1;0;3
0;0;0;0;0;0
0;0;0;0;0;0
0;0;0;0;0;0
0;0;0;0;0;0
0;4.65;0;0;0;0
0;0;0;0;0;0
0;0;0;0;0;0
0;0.16;0;0;0;0
0;0;0;0;0;0
0;9.29;0;0;61;0
0;0;0;0;0;0
0;0;0;0;0;0
0;0;0;0;0;0
0;0;0;0;0;0
0;0;0;0;0;0
0;0;0;0;0;0
0;10.02;0;0;0;0
0;10.17;0;0;17;0
94;72.79;2.5;10;236;64
0;0;0;0;0;0
0;0;0;0;0;0
17;38.6;12.63;57;101;36
1;65.67;0;3;180;75
0;6.62;0;0;0;0
0;0;0;0;0;0
0;0;0;0;0;0
0;64.16;0;0;345;0
0;182.55;0;0;200;590
0;2.79;0;0;27;0
0;2.09;0;0;0;0
0;8.04;0;0;0;0
0;1.49;0;0;24;0
0;0.16;0;0;0;1
0;0;0;0;0;0
0;0;0;0;0;0
0;0;0;0;0;0
0;0;0;0;0;0
0;0.02;0;0;5;0
0;0;0;0;0;0
0;21.11;14.5;17;30;114
0;0;0;0;0;0
0;0;0;0;0;0
0;0;0;0;0;0
0;0;0;0;0;0
0;0;0;0;0;0
331;33.19;3.67;131;332;264
0;67.12;0;6;38;19
132;101.14;28.34;46;659;661
0;0;0;0;0;0
0;159.32;6.5;4;936;15
0;0;0;0;0;0
0;0;0;0;0;0
233;111.89;93.98;9;9;21
0;0;0;0;0;0
0;2;0;0;0;0
0;78.11;0;0;120;0
0;86.85;0;0;114;1
0;0;0;0;0;0
1;5.38;0.18;11;16;89
0;0;0;0;0;0
0;0;0;0;0;0
0;4.55;0;0;21;0
0;0;0;0;0;0
0;0;0;0;0;0
0;0;0;0;0;0
0;0;0;0;0;0
0;0;0;0;0;0
0;0;0;0;0;0
0;0;0;0;0;0
0;0;0;0;0;0
0;0;0;0;0;0
0;0;0;0;0;0
0;0;0;0;0;0
0;0;0;0;0;0
0;74.32;0;0;11;0
0;0;0;0;0;0
0;34.16;0;1;7;0
0;0;0;0;0;0
0;0;0;0;0;0
0;10.09;0;0;1;2
949;262.56;181.9;939;2107;1741
0;0;0;0;0;0
0;0;0;0;0;0
0;0;0;0;0;0
0;0;0;0;0;0
0;0;0;0;0;0
9;0.12;0.22;3;0;4
0;0;0;0;0;0
0;5.2;0;0;1;0
0;0;0;0;0;0
0;18.34;0;0;3;1
0;0;0;0;0;0
0;0;0;0;0;0
196;195.79;36;87;450;935
1182;215.15;245.38;1083;1439;1978
0;11.87;0;0;33;11
0;0.02;0;0;2;0
0;9.99;0.25;1;9;0
0;0;0;0;0;0
0;0;0;0;0;0
0;83.15;0;12;8;13
0;0;0;0;0;0
0;0;0;0;0;0
0;0;0;0;0;0
0;47.08;0;0;8;0
0;0;0;0;0;0
0;0;0;0;0;0
0;0;0;0;0;0
0;5.88;0;0;3;0
0;8.53;0;1;51;0
0;0;0;0;0;0
64;85.6;14.87;61;908;311
0;0;0;0;0;0
0;0;0;0;0;0
0;2.08;0;0;0;0
0;0;0;0;0;0
0;0;0;0;0;0
0;0;0;0;0;0
0;31.01;0;0;354;9
0;31.64;0.25;2;0;0
39;56.02;18.72;94;717;208
0;3.52;0;0;6;0
0;0;0;0;0;0
0;24.83;0;0;173;0
0;7.79;0;0;0;0
0;65.25;0;0;5;147
0;0;0;0;0;0
0;0;0;0;0;0
0;0;0;0;0;0
0;17.6;0;0;38;97
0;0;0;0;0;0
0;0;0;1;0;0
0;0;0;0;0;0
0;35.21;0;0;94;188
0;0;0;0;0;0
0;0;0.08;1;0;0
0;7.92;0;0;0;0
0;0;0;0;0;0
0;0;0;0;0;0
0;0;0;0;0;0
0;0;0;0;0;0
0;0;0;0;0;0
0;0;0;0;0;0
0;22.05;0;0;37;40
0;0;0;0;0;0
0;0;0;0;0;0
0;0;0;0;0;0
0;20.7;0;19;141;0
0;0;0;0;0;0
0;0;0;0;0;0
0;27.36;0;1;8;0
0;0;0;0;0;0
0;0;0;0;0;0
0;8.04;0;0;0;0
0;0.94;0;0;11;0
0;0;0;0;0;0
0;35.59;6.25;10;93;0
0;0;0;0;0;0
0;0;0;0;0;0
44;33.82;8;23;75;52
0;14.83;0;0;27;1
0;4.64;0;0;10;0
0;0;0;0;0;0
0;0;0;0;0;0
0;10.96;0;0;0;15
0;0;0;0;0;0
0;0;0;0;0;0
0;7.94;0;0;11;28
0;0;0;0;0;0
0;0;0;0;0;0
5;0;0;0;0;0
328;64.45;130.33;317;475;29
0;0;0;0;0;0
0;53.16;0;0;241;0
1104;320.77;449.75;1159;1563;2123
0;0;0;0;0;0
0;0;0;0;0;0
0;0;0;0;0;0
0;73.65;3.5;43;236;139
1;32.56;5;5;58;0
0;0;0;0;0;0
0;0;0;0;0;0
0;11.2;0;0;68;15
0;0;0;0;0;0
0;0;0;0;0;0
228;22.79;24.28;195;245;341
0;0;0;0;0;0
0;0;0;0;0;0
226;19.32;18.42;84;45;24
0;0;0;0;0;0
0;1.34;0;0;0;10
0;0;0;0;0;0
27;134.27;104.82;64;383;74
0;0;0;0;0;0
0;76.87;0;0;39;0
0;0;0;0;0;0
0;1.08;0;0;1;0
54;25.96;0.5;1;25;0
218;174.85;37.67;216;1223;1129
0;0;0;0;0;0
461;43.14;74.7;308;422;442
0;0;0;0;0;0
17;16.51;0.18;16;86;15
0;11.9;0;0;123;13
0;0;0;0;0;0
0;1.81;0;0;0;3
0;0;0;0;0;0
0;0;0;0;0;0
0;0;0;0;0;0
0;0;0;0;0;0
0;0;0;0;0;0
0;0;0;0;0;0
0;0;0;0;0;0
0;0;0;0;0;0
0;100.79;0;0;1;0
17;0.79;0;1;11;13
0;2.87;0;0;6;0
0;0;0;0;0;0
0;0;0;0;0;0
0;0.74;0;0;8;0
0;8.38;0;0;0;0
0;0.29;0;0;11;0
0;0;0;0;0;0
0;0;0;0;0;0
0;0;0;0;0;0
0;0;0;0;0;0
0;0;0;0;0;0
0;0;0;0;0;0
0;0;0;0;0;0
0;31.85;0;0;0;0
0;0;0;0;0;0
0;0;0;0;0;0
0;22.08;0.33;7;3;0
0;0;0;0;0;0
0;0;0;0;0;0
1;0.23;0;0;0;1
0;0;0;0;0;0
0;281.58;0;0;297;0
0;1.32;0;0;8;0
0;0;0;0;0;0
0;0;0;0;0;0
0;14.81;0;0;0;0
0;265.06;0;0;279;509
0;1.08;0;0;8;0
0;0;0;0;0;0
216;105.85;38.67;137;232;588
0;0;0;0;0;0
3;35;0.25;5;26;8
0;0.06;0.25;1;2;0
5;12.03;2.5;9;60;23
0;0;0;0;0;0
219;39.94;65.15;196;250;349
0;0;0.08;1;0;0
0;0;0;0;1;0
0;0;0;0;0;0
0;0;0;0;0;0
0;2.27;0;0;0;0
0;0;0;0;0;0
0;27.36;0;1;8;0
0;0.01;0;4;1;0
0;0;0;0;0;0
0;35.27;0;0;0;5
0;0;0;0;0;0
94;20.69;17.75;77;215;219
0;1.5;0;0;1;0
0;0;0;0;0;0
0;0;0;0;0;0
0;0;0;0;0;0
0;47.58;0;0;34;0
0;0;0;0;0;0
0;18.29;0;0;178;0
0;0;0;0;0;0
0;24.43;0;5;209;15
0;0;0;0;0;0
0;0;0;0;0;1
0;1.5;0;0;1;0
0;23.55;0;0;2;0
0;53.81;0;0;104;0
0;0;0;0;0;0
0;0;0;0;0;0
0;0;0;0;0;0
0;0;0;0;0;0
4;16.81;0;4;0;2
0;27.92;1;1;15;34
0;0;0;0;0;0
416;154.82;45.11;533;566;721
0;0;0;0;0;0
0;0;0;0;0;0
0;0;0;0;0;0
0;0;0;0;0;0
0;0;0;0;0;0
0;0;0;0;0;0
0;2.65;0;0;1;0
0;0;0;0;0;0
0;7.04;10.33;42;90;4
0;0;0;0;0;0
0;0;0;0;0;0
0;0;0;0;0;0
0;0;0;0;0;0
0;0;0;0;0;0
8;220.85;18;8;210;11
0;6.29;0;0;18;0
0;2.13;0;0;3;0
0;0.13;0;0;7;0
0;77.29;0;1;22;0
0;0;0;0;0;0
924;374.73;681;1161;1211;1852
0;0;0;0;0;0
0;24.59;0;0;43;0
0;9.04;0;0;9;0
10;67.88;0;4;64;156
0;295.74;0;0;1028;0
0;2.8;0;0;8;1
0;71.97;0;0;247;0
0;0.26;0;0;2;0
0;0;0;0;0;0
0;0;0;0;0;0
0;0;0;0;0;0
0;0;0;0;0;0
0;0;0;0;0;0
0;0;0;0;0;0
3;5.72;0;0;205;0
0;0;0;0;0;0
0;41.47;0;2;242;0
0;0;0;0;0;0
0;10.34;0;0;9;0
0;0;0;0;0;0
0;0;0;0;0;0
0;0;0;0;0;0
0;53.86;0;0;0;54
0;0;0;0;0;0
0;7.2;0;0;9;0
0;2.54;0;0;0;0
0;15.98;0;0;1;0
0;2.59;0;0;0;0
0;2.65;0;0;1;0
0;0;0;0;0;0
0;0;0;0;0;0
0;2.68;0;0;0;0
0;0;0;0;0;0
0;0;0;0;0;0
0;0;0;0;0;0
0;0;0;0;0;0
0;24.33;4;3;12;0
5;8.45;0.08;6;7;10
0;0;0;0;0;0
0;0;0;0;0;0
0;1.13;0;0;21;0
0;1.38;0;0;0;3
0;6.73;0;0;1;0
0;15.27;0;0;5;0
0;18.64;0;0;215;6
0;0;0;0;0;0
0;0;0;0;0;0
0;0;0;0;0;0
0;7.72;1.5;8;17;0
0;0;0;0;0;0
0;0;0;0;0;0
0;0;0;0;0;0
0;7.21;0;0;17;0
0;1.35;0;0;0;0
0;0;0;0;0;0
0;0;0;0;0;0
0;0;0;0;0;0
0;0;0;0;0;0
0;0;0;0;0;0
0;29.27;0;0;2;4
0;0;0;0;0;0
0;1.52;0;0;5;0
0;32.37;0;0;14;0
0;0;0;0;0;0
0;0;0;0;0;0
0;0;0;0;0;0
0;0;0;0;0;0
0;2.61;0;0;1;0
715;316.69;13.91;55;1100;140
1105;676.74;1579.54;1116;1370;1097
13;35.92;0.12;3;96;40
0;26.54;2;8;251;3
45;269.69;10.83;16;856;24
0;0;0;0;0;0
8;158.86;24.84;12;536;0
0;0;0;0;0;0
2;43.12;0.75;1;6;3
932;388.9;234.5;893;1535;1584
0;0;0;0;0;0
24;33.07;1.25;6;634;24
0;25.98;0;0;11;1
0;0;0;0;0;0
0;0;0;0;0;0
0;0;0;0;0;0
12;0;0;0;0;0
0;0.4;0;0;0;10
0;0;0;0;0;0
0;0;0;0;0;0
0;14.83;0;0;27;1
0;0;0;0;0;0
0;14;5.5;24;83;5
0;0;0;0;0;0
0;0;0;0;0;0
0;11.42;21.33;28;50;0
0;11.38;0;0;2;0
0;30.46;0;0;155;1
48;20.39;8.77;35;176;177
0;0;0;0;0;0
0;14.83;0;0;27;1
1522;1207.76;1417.44;1324;1550;895
0;14.42;0;9;8;3
0;0;0;0;0;0
0;0;0;0;0;0
0;0.76;0;0;15;0
0;23.35;0;0;9;10
0;0;0;0;0;0
0;0;0;0;0;0
0;0;0;0;0;0
0;0;0;0;0;0
0;0;0;0;0;0
0;117.07;0;0;44;530
30;6.38;7.83;43;71;88
0;7.78;0;0;3;0
0;0;0;0;0;0
0;1.28;0;0;3;2
0;10.18;0;0;0;0
0;0;0;0;0;0
0;7.05;0;0;2;0
0;0;0;0;0;0
0;0;0;0;0;0
0;0;0;0;0;0
0;0.37;0;0;1;2
0;0;0;0;0;0
94;20.69;17.75;77;215;219
0;1.56;0;0;4;0
0;0;0.08;1;0;0
0;0;0;0;0;0
0;44.05;0;0;16;21
1381;416.83;270.97;1347;1835;2400
0;0;0;0;0;0
4;19.96;0;2;3;12
0;0;0;0;0;0
0;0;0;0;0;0
0;0;0;0;0;0
0;26.96;0;0;267;0
0;1.82;0;0;0;1
0;0.02;0;0;1;0
0;3.45;0;0;2;0
0;0;0;0;0;0
0;4.17;0;0;24;0
0;0;0;0;0;0
0;0;0;0;0;0
60;234.64;98.75;304;1568;269
0;32.37;0;0;14;0
0;0;0;0;0;0
0;0;0;0;0;0
0;0;0;0;0;0
0;2.38;0;0;0;0
0;1.27;0;1;6;0
0;0;0;0;0;0
0;0;0;0;0;0
0;0;0;0;0;0
0;0;0;0;0;0
0;0;0;0;0;0
0;42.82;0;0;4;2
0;14.83;0;0;27;1
0;0;0;0;0;0
0;0;0;0;0;0
0;22.77;0;1;233;0
0;0;0;0;0;1
0;0;0;0;0;0
0;0;0;0;0;0
0;0;0;0;0;0
0;0;0;0;0;0
0;0;0;0;0;0
0;0;0;0;0;0
0;90.22;0;0;502;1
0;0;0;0;0;0
0;0;0;0;0;0
0;0;0;0;0;0
0;0;0;0;0;0
0;0;0;0;0;0
0;11.2;0;0;3;0
0;0;0;0;0;0
0;0;0;0;0;0
0;0;0;0;0;0
0;0;0;0;0;0
0;0;0;0;0;1
0;0;0;0;0;0
0;21.6;0;0;12;1
0;0;0;0;0;0
0;0;0;0;0;0
0;0;0;0;0;0
0;0;0;0;0;0
6;27.55;21.15;37;78;317
0;16.43;0;0;3;0
0;115.92;0;0;1100;0
0;0;0;0;0;0
0;0;0;0;0;0
0;0;0;0;0;0
0;0;0;0;0;0
0;0;0;0;0;0
0;0;0;0;0;0
0;0;0;0;0;0
0;1.01;0;0;4;0
0;0.2;0;0;1;0
2;12.65;1.09;14;219;2
0;118.62;0;0;174;73
0;9.15;0;0;5;0
0;0;0;0;0;0
0;0;0;0;0;0
0;0;0;2;0;0
0;0;0;0;0;0
0;0;0;0;0;0
0;199.64;0;1;162;0
0;79.45;2;3;9;107
0;0;0;0;0;0
0;13.93;10.25;43;98;53
5;0.7;0;5;5;9
0;0;0;0;0;0
0;0;0;0;0;0
1091;193.75;173.24;783;1061;1515
0;0;0;0;0;0
0;1.1;0;0;5;0
0;0;0;0;0;0
0;56.11;0;62;268;0
0;0;0;0;0;0
0;0;0;0;0;0
0;8.38;0;0;32;0
0;27.36;0;1;8;0
0;7.64;0;0;1;0
0;0;0;0;0;0
0;0;0;0;0;0
103;39.23;44.5;83;137;179
0;0;0;0;0;0
0;2.02;0;0;1;1
0;0;0;0;0;0
0;0;0;0;0;0
0;0;0;0;0;0
0;0;0;0;0;0
0;7.82;0;0;11;1
0;0;0;0;0;0
60;784.31;13.5;55;764;117
0;0;0;0;0;0
0;0;0;0;0;0
11;106.01;29.17;32;109;57
0;0;0;0;0;0
0;107.78;0;0;14;0
0;0;0;0;0;0
0;7.72;1.5;8;17;0
0;60.49;0;0;281;2
0;5.69;0;0;1;0
0;4.05;0.67;2;8;0
0;0;0;0;0;0
0;0;0;0;0;0
0;0;0;0;0;0
0;0;0;0;0;0
1;372.33;3.03;172;1653;16
0;0;0;0;0;0
0;0;0;1;0;0
0;0;0;0;0;0
0;0;0;1;0;0
0;0;0;0;0;0
0;0;0;0;0;0
0;37.82;0;0;0;0
0;29.62;0;0;2;0
53;13.43;4.5;15;11;122
0;0;0;0;0;0
0;0;0;0;0;0
0;0;0;0;0;0
0;0;0;0;0;0
1;52.39;0.25;6;343;0
0;0;0;0;0;0
0;0;0;0;0;0
0;169.82;0;0;363;0
0;0;0;0;0;0
0;0;0;0;0;0
0;19.37;0;0;51;12
0;0;0;0;0;0
0;3.25;0;1;12;1
7;89.25;0.5;1;45;57
0;2;0;0;0;0
0;29.21;0;0;62;0
0;0;0;0;0;0
5;0;0;0;0;0
1;0.01;0;1;0;1
0;2.18;0;0;0;0
0;1.66;0;0;3;0
0;20.06;0;0;0;0
0;0;0;0;0;0
0;0;0;0;0;0
0;0;0;0;0;0
0;0;0;0;0;0
11;205.31;1.42;6;1161;83
0;48.8;6;14;285;227
0;21.39;0;0;45;0
1505;303.15;374.5;1230;1970;2272
0;68.08;5.5;5;0;0
0;0.94;0;0;10;14
0;0;0;0;0;0
0;0;0;0;0;0
0;67;0;0;430;0
0;24;0;0;1;0
0;43.9;0;0;3;47
0;27.28;0;0;5;122
0;0;0;0;0;0
0;0;0;0;0;1
0;21.51;0;0;74;191
0;0;0;0;0;0
0;0;0;0;0;0
0;0;0;0;0;0
0;0;0;0;0;0
0;1.57;0;0;0;4
72;20.22;0;1;7;18
0;0;0;0;0;0
444;310.88;88.41;390;1249;1238
0;34.08;0;0;203;54
0;0;0;0;0;0
0;0;0;0;0;0
0;9.66;0;0;2;1
0;0;0;0;0;0
0;0;0;0;0;0
0;0;0;0;0;0
0;0.02;0;0;0;0
0;0;0;0;0;0
0;0;0;0;0;0
0;0.01;0;0;5;0
0;1.49;15;30;64;0
0;0;0;0;0;0
293;108.36;55.11;231;344;324
0;14.83;0;0;27;1
0;0;0;0;0;0
0;28.83;0;16;162;29
0;0;0;0;0;0
0;0;0;0;0;0
0;2.01;0;0;5;0
0;0;0;0;0;0
0;79.64;0.5;1;29;100
5;6.23;0;2;6;0
0;0;0;0;0;0
0;0;0;0;0;0
0;119.24;0.5;1;383;0
0;2.63;0;0;75;4
0;0;0;0;0;0
0;2.31;0;0;6;0
0;0;0;0;0;0
0;0;0;0;0;0
0;0;0;0;0;0
0;0;0;0;0;0
14;22.42;1.5;7;133;71
0;0;0;0;0;0
0;0;0;0;0;0
0;14.83;0;0;27;1
0;0;0;0;0;0
0;7.97;0;0;49;22
0;0;0;0;0;0
0;0;0;0;0;0
0;19.43;0;0;138;0
0;0;0;0;0;0
0;87.21;0;0;291;14
0;0;0;0;0;0
0;0;0;0;0;0
0;0;0;0;0;0
0;0;0;0;0;0
0;15.37;0;0;0;29
0;61.19;0;0;7;0
61;12.81;13.5;61;49;120
0;0;0;0;0;0
0;32.62;1.5;1;0;4
5;35.93;0;1;0;47
0;0;0;0;0;0
0;18.73;0;0;84;0
0;2.67;0;0;0;0
0;0;0;0;0;0
0;0.42;0;0;9;1
0;0;0;0;0;0
0;1.03;0;0;11;0
0;0;0;0;0;0
0;0;0;0;0;0
0;0.52;0;0;4;0
0;0;0;0;0;0
0;0;0;0;0;0
0;0;0;0;0;0
0;17.51;0;0;5;0
3;65.69;0;0;171;0
316;129.52;0;0;637;110
0;0;0;0;0;0
0;0;0;0;0;0
0;5.88;0;0;3;0
0;3.27;0;0;0;0
0;0;0;0;0;0
0;0;0;0;0;0
0;0;0;0;0;0
65;74.7;41.75;167;153;47
0;0;0;0;0;0
636;270.17;143;408;670;1176
0;8.05;0;0;8;0
0;22.88;0;1;216;0
0;0;0;0;0;0
0;0.75;0;0;1;2
68;29.83;47.38;112;255;84
0;0;0;0;0;0
0;0;0;0;0;0
0;210.76;15;8;944;5
0;0;0;0;0;0
0;14.83;0;0;27;1
0;0;0;0;0;0
0;0;0;0;0;0
10;23.99;1;4;190;62
0;0;0;0;0;0
0;0;0;0;0;0
0;0;0;0;0;0
196;82.29;249.25;1051;1109;53
0;0;0;0;0;0
0;66.58;0;0;2;6
0;0;0;0;0;0
35;14.94;331.87;364;425;40
0;0.27;0;0;5;0
39;0.49;0.33;5;29;4
0;0;0;0;0;0
0;0;0;0;0;0
0;0;0;0;0;0
0;1.43;0;0;3;0
0;52.59;0;0;9;2
2;136.99;58.58;55;349;82
0;37.74;0;0;1;0
22;57.92;5.5;22;36;346
0;0;0;0;0;0
0;0;0;0;0;0
0;0;0;1;0;0
0;1.77;0;0;0;0
29;140.03;37.75;74;450;779
0;1.26;0.52;3;9;1
0;23.42;3.45;4;236;1
0;0;0;0;0;0
0;0;0;0;0;0
0;105.1;3;4;276;3
0;0.05;0;0;0;8
8;260.23;12.08;144;1596;48
0;0;0;0;0;0
0;0;0;0;0;0
0;2.5;0;0;2;0
0;0;0;0;0;0
0;0;0;0;0;0
0;115.01;0;14;376;4
0;0;0;0;0;0
0;0;0;0;0;0
430;116.67;120.82;393;527;811
0;9.86;0;1;7;0
0;0;0;2;0;0
0;0;0;0;0;0
0;0;0;0;0;0
0;0;0;0;0;0
0;0;0;0;0;0
0;0;0;0;0;0
0;0;0;0;0;0
0;0;0;0;0;0
0;0;0;0;0;0
0;0;0;0;0;0
0;0;0;0;0;0
0;0;0;0;0;0
0;0;0;0;0;0
0;57.03;0;0;308;1
0;55.07;0;0;0;0
0;4.54;0;0;1;0
0;0;0;0;0;0
0;3.57;0;1;13;0
0;0;0;0;0;0
0;0;0;0;0;0
0;0;0;0;0;0
0;0;0;0;0;0
0;17.54;0;0;58;14
0;14.83;0;0;27;1
0;8.5;0;7;6;0
0;0;0;0;0;0
0;0;0;0;0;0
0;0;0;0;0;0
0;0;0;0;0;0
0;8.97;0;1;10;0
0;2.65;0;0;1;0
0;0;0;0;0;0
1245;265.44;520.47;1351;1664;264
0;0;0;0;0;0
0;0;0;0;0;0
0;0;0;0;0;0
0;0;0;0;0;0
0;0;0;0;0;0
0;0;0;0;0;0
0;0;0;0;0;0
0;0;0;0;0;0
0;62.08;1.25;36;220;41
0;45.63;0;0;136;12
10;18.91;0.6;9;19;20
0;97.41;24.67;26;246;11
0;15.8;0;0;18;22
43;9.89;1.42;30;111;35
0;0;0;0;0;0
0;0.03;0;0;1;0
0;0;0;0;0;0
0;0;0;0;0;0
0;4.94;0;0;0;0
0;0;0;0;0;0
0;91.42;0;0;2;0
299;187.51;0;0;646;151
0;0;0;0;0;0
0;0;0;0;0;0
0;0;0;0;0;0
0;40.76;0;0;12;0
0;106.71;0;0;461;0
0;0;0;0;0;0
0;0;0;0;0;0
0;0;0;0;0;0
0;0.07;0;0;0;1
0;0;0;0;0;0
0;0;0;0;0;0
0;0;0;0;0;0
0;0;0;0;0;0
0;6.11;0;0;0;0
0;0.01;0;0;5;0
0;0;0;0;0;0
0;4.9;0;8;61;23
0;0;0;0;0;0
1;37.28;1.33;5;63;142
0;1.36;0;0;0;0
0;0.94;0;0;0;1
5;0.68;0;0;3;10
0;20.18;2.72;35;77;204
0;0;0;0;0;0
0;7.36;0;0;0;0
0;8.7;0;5;55;0
131;151.95;91.83;115;379;435
19;110.66;6.58;34;874;61
0;0;0;0;0;0
0;0;0;0;0;0
0;58.48;0.5;20;340;40
0;0;0;0;0;0
0;0;0;0;0;0
0;0;0;0;0;0
0;74.07;0;0;227;1
0;0;0;0;0;0
0;14.83;0;0;27;1
0;0;0;0;0;0
0;1.5;0;0;1;0
0;45.27;0;0;15;4
0;0;0;0;0;0
0;0;0;2;0;0
0;14.83;0;0;27;1
0;2.55;0;0;12;0
0;0.34;0.5;2;5;3
0;0;0;0;0;0
0;0;0;0;0;0
0;0;0;4;0;0
0;0;0;0;0;0
0;0.03;0;0;2;0
0;1.94;0;0;0;0
0;0;0;0;0;0
0;0;0;0;0;0
0;12.59;0;1;10;1
0;0;0;0;0;0
0;0;0;0;0;0
0;0;0;0;0;0
0;0;0;0;0;0
11;117.35;0.08;4;17;8
0;6.57;0;0;2;0
0;0;0;0;0;0
0;0;0;0;0;0
0;0;0;0;0;0
0;1.14;0;0;5;0
0;21.46;0;0;19;0
0;0;0;0;0;0
0;8.86;0;0;29;0
0;92.18;13.15;59;159;148
0;82.47;0;1;191;0
0;0;0;0;0;0
0;0;0;0;0;0
0;45.63;0;0;136;12
0;0;0;0;0;0
0;0;0;0;0;0
0;0;0;0;0;0
0;0;0.03;2;0;0
0;0;0;0;0;0
0;0;0;0;0;0
0;12.46;0;1;0;5
0;0;0;0;0;0
0;0;0;0;0;0
0;0;0;0;0;0
0;0;0;0;0;0
0;0;0;0;0;0
0;0;0;0;0;0
0;0.01;0;0;0;0
0;3.39;0;0;10;41
0;0;0;0;0;0
0;0;0;0;0;0
0;0;0;0;0;0
0;0;0;0;0;0
0;0;0;0;0;0
0;0;0;0;0;0
0;0;0;0;0;0
143;0.32;0;0;0;16
0;0;0;0;0;0
0;0;0;0;0;0
0;58.48;0.5;20;340;40
0;107.7;10.43;35;59;207
0;0;0;0;0;0
0;61.16;7.67;26;81;118
0;1.35;0;0;0;0
0;0;0;0;0;0
0;0;0;0;0;0
0;1.89;0;0;0;0
0;0.56;0;0;18;0
0;0;0;0;0;0
0;0;0;0;0;0
0;35.59;6.25;10;93;0
0;8.02;0;0;0;0
0;0;0;0;0;0
0;0;0;0;0;0
0;0;0;0;0;0
0;8.05;0;0;3;1
0;0;0;0;0;0
8;23.22;0;0;16;1
0;0;0;0;0;0
0;0;0;0;0;0
321;167.01;2740.58;309;507;743
0;0.42;0;0;0;1
0;11.41;0;0;2;0
0;28.83;0;16;162;29
0;0.38;0;0;0;5
0;0;0;0;0;0
0;18.18;0;0;0;0
461;43.14;74.7;308;422;442
0;45.38;0;0;6;1
0;0;0;0;0;0
0;71.25;0;0;42;0
3;130.45;0;8;694;19
0;0;0;0;0;0
0;0;0;2;0;0
0;0;0;0;0;0
0;0;0;0;0;0
0;71.83;0;0;39;0
0;0.03;0;0;5;0
0;7.11;0;0;14;0
0;0;0;0;0;0
0;0.26;0;0;6;0
0;0;0;0;0;0
0;122.14;0;0;554;1
0;0;0;0;0;0
0;1.65;0;0;0;0
0;0;0;0;0;0
0;0;0;0;0;0
0;0;0;0;0;0
0;0;0;0;0;0
0;0;0;0;0;0
0;7.24;0;0;0;0
0;0;0;0;0;0
0;0;0;0;0;0
0;0;0;0;0;0
0;0;0;0;0;0
0;43.86;0;6;23;2
0;18.34;0;2;0;18
0;0;0;0;0;0
0;0;0;0;0;0
0;0.54;0;0;14;0
0;0;0;0;0;0
0;0;0;0;0;0
1497;853.84;372.03;1363;3764;2197
0;0;0;0;0;0
0;0;0;0;0;0
0;0;0;0;0;0
0;0.77;0;5;5;0
0;0;0;0;0;0
0;0;0;0;0;0
0;0;0;0;0;0
0;0.17;0.25;6;10;0
0;2.61;0;0;0;0
0;0;0;0;0;0
0;3.25;0;0;9;0
0;0;0;0;0;0
0;0;0;0;0;0
0;0;0;0;0;0
0;0;0;0;0;0
0;23.52;0;0;56;71
0;5.01;0;0;15;0
0;0;0;0;0;0
0;72.5;0;1;130;136
0;1.5;0;0;1;0
0;0;0;0;0;0
0;2.43;0;0;0;0
0;14.33;0.48;6;108;24
11;3.81;3.5;14;66;0
0;0;0;0;0;0
0;0;0;0;0;0
0;1.18;0;0;0;0
0;0;0;0;0;0
403;98.71;56.5;301;742;429
0;0;0;0;0;0
0;0;0;0;0;0
0;42.54;0;6;70;0
0;0;0;0;0;0
1195;395.93;344.91;1389;1935;2049
0;2.46;0;0;1;0
0;207.41;0;0;687;0
0;0;0;0;0;0
0;0;0;0;0;0
0;0;0;0;0;0
1604;222.71;302.71;1386;1533;1137
0;0;0;0;0;0
0;0;0;0;0;0
0;0;0;0;0;0
14;161.03;12.5;8;35;5
0;0;0;0;0;0
0;0;0;0;0;0
0;0;0;0;0;0
0;24.59;0;0;80;0
0;0;0;0;0;0
0;13.49;0;0;30;0
0;0;0;0;0;0
9;121.83;7.9;10;372;110
0;0.1;0.08;3;7;0
0;0;0;0;0;0
0;0;0;0;0;0
0;0;0;0;0;0
0;30.5;2;2;101;200
0;1.85;0;0;0;0
94;47.06;9.95;77;401;124
0;0;0;0;0;0
0;0;0;0;0;0
0;0.26;0.25;0;4;0
0;35.95;0;0;67;1
0;3.86;0;0;0;0
0;11.86;0;0;4;7
733;181.66;110.5;533;887;1037
0;0;0;0;0;0
0;7.98;0;0;0;14
0;0;0;0;0;0
0;11.06;0.25;5;24;2
0;0;0;0;0;0
0;0;0;0;0;0
0;0;0;0;0;0
0;0;0;0;0;0
0;0;0;0;0;0
0;7.95;0;0;0;0
6;0;0;0;0;0
0;0.26;0;0;0;0
0;0;0;0;0;0
0;0;0;0;0;0
0;18.29;0;0;7;0
0;0;0;0;0;0
0;0;0;0;0;0
0;0;0;0;0;0
0;15.51;0;1;47;59
0;0;0;1;0;0
0;0;0;0;0;0
0;0;0;0;0;0
0;0;0;0;0;0
0;0;0;0;0;0
0;36.5;0;0;207;0
0;2.02;0;0;0;0
7;1.17;0;2;5;0
0;0;0;0;0;0
0;177.52;0;0;324;0
0;15.53;0;1;43;0
0;34.47;0;0;2;1
0;0;0;0;0;1
0;140.92;0.08;1;1087;0
0;0;0;0;0;0
4;33.11;2;3;9;6
0;0;0;0;0;0
0;0;0;0;0;0
0;0.55;0;0;15;0
0;0;0;0;0;0
0;13.36;1;1;8;25
1;37.93;0;1;5;1
0;0;0;0;0;0
174;177.21;24.47;218;1494;373
0;0;0;0;0;0
0;0;0;0;0;0
0;0;0;0;0;0
0;0;0;0;0;0
0;37.06;0;0;28;0
7;10.07;3.75;17;42;41
0;0.46;0;0;0;3
0;0;0;0;0;0
0;0;0;0;0;0
0;0;0;0;0;0
0;0;0;0;0;0
0;0;0;0;0;0
0;0;0;0;0;0
0;0;0;0;0;0
0;105.54;0;1;1;17
0;0;0;0;0;0
0;0;0;0;0;0
0;0;0;0;0;0
0;0;0;0;0;0
0;0;0;0;0;0
0;0;0;0;0;0
0;0;0;0;0;0
0;0;0;0;0;0
5;0.04;0.42;3;5;0
0;5.2;0;0;11;0
0;0;0;0;0;0
0;5.2;0;0;5;21
0;0;0;0;0;0
0;135.67;0;0;691;0
0;0;0;0;0;0
0;0;0;0;0;0
0;30.64;0;0;35;0
0;0;0;0;0;0
0;0;0;0;0;0
0;0;0;0;0;0
0;0;0;0;0;0
0;0;0;0;0;0
0;155.67;0;0;5;1
0;0;0;0;0;0
323;412.15;39.79;309;2381;683
0;15.98;0;2;46;2
0;0;0;0;0;0
0;0;0;0;0;0
0;37.25;2.33;9;63;4
0;0;0;0;0;0
0;0;0;0;0;0
38;31.52;14.58;62;171;165
0;3.68;0;0;0;0
30;1.59;0.22;20;36;18
0;3.37;0;0;21;0
1216;142.24;162.39;765;1229;856
0;4.36;0;0;8;0
0;2.46;0;0;1;0
0;61.52;0;0;28;0
0;0;0;0;0;0
0;0;0;0;0;0
0;1;0;0;1;0
0;0;0;0;0;0
68;11.09;0;0;0;0
66;13.61;0;1;4;8
0;0;0;0;0;0
0;0;0;0;0;0
0;0;0;0;0;0
1;174.41;0.25;2;604;21
0;0;0;0;0;0
0;0;0;0;0;0
0;0;0;0;0;0
0;0;0;0;0;0
0;0;0;0;0;0
0;6.48;0;0;0;0
0;0;0;0;0;0
0;84.8;0;0;559;4
0;0.03;0;0;0;1
0;3.38;1.42;11;48;14
0;15.93;0;0;261;3
0;0;0;0;0;0
0;0;0;0;0;0
0;0.27;0;0;6;0
0;0;0;0;0;0
0;0;0;0;0;0
0;0;0;0;0;0
0;0;0;0;0;0
0;0;0;0;0;0
0;285.73;1.5;2;353;41
0;34.42;0;0;322;0
0;0;0;0;0;0
0;0;0;0;0;0
0;0;0;0;0;0
0;1.65;0;0;0;0
0;0;0;0;0;0
35;125.22;0.8;21;592;15
0;0;0.08;6;0;0
0;265.06;0;0;279;509
0;0;0;0;0;0
0;0;0;0;0;0
0;0;0;0;0;0
0;0;0;0;0;0
0;0;0;0;0;0
0;0;0;0;0;0
0;26.7;0;0;139;0
0;6.45;0;0;72;0
0;0;0;0;0;0
0;0;0;0;0;0
0;0.21;2.5;10;14;1
0;0;0;0;0;0
0;45.69;4.08;4;444;43
0;0;0;0;0;0
0;0;0;0;0;0
0;0;0;0;0;0
0;0;0;0;0;0
0;0;0;0;0;0
451;123.99;46.25;133;282;684
0;58.48;0.5;20;340;40
0;0;0;0;0;0
0;0;0;0;0;0
0;5.03;0;0;0;0
0;1.77;0;0;19;2
0;52.89;0;0;2;0
0;7.18;0;0;1;0
0;0;0;0;0;0
0;0;0;0;0;0
0;3;0;0;2;0
0;2.7;0;0;8;0
0;0.21;10.5;22;21;0
0;0.32;0;0;5;0
469;74.84;102.92;425;798;395
0;0;0;0;0;0
0;0.25;0;0;1;0
0;0;0.25;1;0;0
0;0;0;0;0;0
0;2.55;0;0;12;0
0;0;0;0;0;0
0;0;0;0;0;0
0;12.83;0;0;0;0
0;0;0;0;0;0
0;0;0;0;0;0
0;0;0;0;0;0
0;0;0;0;0;0
0;16.65;0;0;5;0
0;0;0;0;0;0
0;57.07;0;0;13;0
0;0;0;0;0;0
0;22.32;0;0;93;122
0;2.37;0;0;0;0
0;0;0;0;0;0
0;0;0;0;0;0
0;13.52;0;1;41;28
0;0;0;0;0;0
0;0;0;0;0;0
0;0;0;0;0;0
0;0;0;0;0;0
0;0;0;0;0;0
0;0;0;0;0;0
0;120.5;29.25;30;729;15
6;116.11;77.75;245;221;419
0;0;0;0;0;0
0;7.95;0;0;0;0
0;0;0;0;0;0
0;0;0;0;0;0
0;0;0;0;0;0
0;0;0;0;0;0
0;0;0;0;0;0
2;26.5;0.5;2;67;0
0;78.81;32.5;11;33;7
0;12.39;0;0;22;6
0;0;0;0;0;0
0;0;0;0;0;0
13;39.01;4.5;12;35;2
0;0;0;0;0;0
0;2.58;0;0;1;0
0;0;0;0;0;0
0;0;0;0;0;0
0;1.35;0;0;0;0
0;0;0;0;0;0
0;0;0;0;0;0
0;7.69;0;0;0;1
0;0;0;0;0;0
0;16.8;0;0;380;0
0;0;0;0;0;0
0;1.17;0;0;5;0
0;1.79;0;0;0;0
0;0;0;0;0;0
0;0;0;0;0;0
0;104.13;0;0;5;0
0;11.79;0;0;3;0
0;0;0;0;0;0
0;14;0;2;107;3
0;27.83;2.6;6;166;0
0;74.03;0;0;497;0
0;0.75;0;0;1;0
0;27.92;1;1;15;34
0;0;0;0;0;0
26;5.22;4.67;34;59;40
0;6.25;0;0;31;7
0;0;0;0;0;0
0;9.13;0;0;32;18
0;0;0;0;0;1
0;0;0;0;0;0
0;0;0;0;0;0
0;0;0;0;0;0
0;77.75;0;1;135;97
3;0.05;1.5;9;10;0
0;0;0;0;0;0
0;0;0;0;0;0
0;1.07;0;0;4;0
0;0;0;0;0;0
0;34.96;0;1;18;0
0;102.75;0;0;3;0
0;0;0;0;0;0
0;0.19;0;0;5;0
0;4.66;0;0;11;0
27;0;0;0;0;0
0;14.83;0;0;27;1
0;0;0;0;0;0
0;1.09;0;0;4;0
0;0;0;0;0;0
0;0;0;0;0;0
0;0;0;0;0;0
0;0;0;0;0;0
0;0;0;0;0;0
0;0;0;0;0;0
0;0;0;0;0;0
0;0;0;0;0;0
0;2.58;0;0;1;0
0;0;0;0;0;0
0;0;0;0;0;0
0;0;0;0;0;0
0;0;0;0;0;0
0;0;0;0;0;0
0;7.72;0;0;0;1
0;0;0;0;0;0
0;0;0;0;0;0
0;0;0;0;0;0
0;12.37;0;0;0;0
0;117.74;0;0;316;10
0;0;0;0;0;0
0;0;0;0;0;0
0;6.68;0;0;38;0
0;0;0;0;0;0
0;0;0;0;0;0
0;19.43;0;0;138;0
0;0;0;0;0;0
0;0;0;0;0;0
2;30.16;0;0;620;21
0;63.02;0;0;0;0
0;0;0;0;0;0
0;2.67;0;0;0;1
0;0;0;0;0;0
0;10.94;0;3;88;0
0;0;0;0;0;0
0;0;0;0;0;0
0;0.02;0;0;0;0
0;22.03;0;0;9;15
0;0;0;0;0;0
0;0;0;0;0;0
0;0;0;0;0;0
0;3.43;0;0;15;0
0;0;0;0;0;0
0;2.09;0;0;0;12
0;0;0;0;0;0
0;93.13;0;0;204;1
0;331.43;10.33;11;104;5
0;0;0;0;0;0
0;5.61;0;0;13;0
0;23.85;0;0;1;0
11;59.15;5.67;46;243;40
0;0;0;0;0;0
0;1.21;0;1;7;0
305;351.11;73.5;281;1292;979
0;0;0;0;0;0
0;0;0;0;0;0
0;0;0;0;0;0
0;0;0;0;0;0
20;0.63;0;0;0;2
0;0;0;0;0;0
0;0;0;1;0;0
0;0;0;0;0;0
0;0;0;0;0;0
0;0;0;0;0;0
0;0;0;0;0;0
0;0;0;0;0;0
0;0;0;0;0;0
0;0;0;0;0;0
0;0;0;0;0;0
2;74.15;12.91;52;113;300
0;0;0;0;0;0
0;0;0;0;0;0
0;8.45;0;0;18;0
0;0;0;0;0;0
0;0;0;0;0;0
0;5.07;0;0;0;0
0;0;0;0;0;0
0;0;0;0;0;0
0;0;0;0;0;0
0;124.21;0;0;92;0
0;0;0;0;0;0
0;2;0;0;26;12
0;0;0;0;0;0
0;8.83;0;0;51;0
0;7.6;0;0;0;0
0;7.95;0;0;0;0
0;5.91;0.25;1;38;0
0;0;0;0;0;0
0;0;0;0;0;0
68;14.17;0;0;1;27
1434;748.23;424.84;1243;3836;2218
9;28.9;0;5;90;40
0;58.48;0.5;20;340;40
0;0;0;0;0;0
0;0;0;0;0;0
0;0;0;0;0;0
0;0;0;0;0;0
0;15.93;0;0;15;23
0;0;0;0;0;0
0;10.41;0;0;3;0
0;3.4;0;0;2;0
0;0;0;0;0;0
1;17.03;0;0;19;1
94;20.69;17.75;77;215;219
0;8.04;0;0;0;0
0;0;0;0;0;0
3;98.73;68.75;77;82;55
0;0;0;0;1;0
0;16.07;0;0;11;0
0;47.91;0;1;172;31
0;0;0;0;0;0
0;0.3;0;0;5;0
0;0;0;0;0;0
0;49.07;0;0;2;2
443;308.38;0;0;1525;115
0;0;0;0;0;0
0;0;0;0;0;0
0;0;0;0;0;0
0;0;0;0;0;0
0;14.39;0;0;2;0
0;2.56;0;0;0;0
0;0.19;0.25;2;5;1
0;0;0;0;0;0
0;0;0;0;0;0
0;0;0;0;0;0
0;0;0;0;0;0
0;2.17;0;0;0;0
0;0;0;0;0;0
0;0;0;0;0;0
0;0;0;0;0;0
0;8.44;0;0;2;0
0;0;0;0;0;0
0;0;0;0;0;0
0;0;0;0;0;0
0;0;0;0;0;0
0;0;0;0;0;0
0;28.83;0;16;162;29
1072;145;5;19;69;1331
0;25.58;0;9;41;0
0;0;0;0;0;0
0;0;0;0;0;0
0;0;0;0;0;0
0;0;0;0;0;0
0;0.03;0;0;2;0
0;28.03;0;0;0;0
0;0;0;0;0;0
0;0;0;0;0;0
0;2.62;0;0;1;0
0;0;0;0;0;0
0;0;0;0;0;0
0;7.28;0;0;0;0
0;0;0;0;0;0
0;0;0;0;0;0
1549;608.01;762.76;1408;2329;2196
103;6.36;11.33;39;65;60
0;0;0;0;0;0
0;36.41;0;0;10;0
0;38.48;0;0;2;0
0;0;0;0;0;0
0;0;0;0;0;0
0;0;0;0;0;0
0;0;0;0;0;0
0;1.19;2.75;11;20;0
0;0;0;0;0;0
0;1.78;0;0;11;2
0;2.2;0;0;48;0
0;0;0;0;0;0
0;12.99;0;0;2;0
0;2.46;0;0;1;0
6;56.52;0;0;4;209
0;0;0;0;0;0
0;19.35;0;0;25;2
0;0.48;0;0;0;2
0;19.69;0;0;0;0
0;2.03;0;0;0;0
0;0;0;0;0;0
0;52.45;0;0;75;12
0;7.75;0;0;4;0
0;0;0;0;0;0
0;0;0;0;0;0
1457;510.04;1259.86;1363;1721;2325
0;0;0;0;0;0
0;0;0;0;0;0
0;64.52;0;0;40;0
0;13.61;0;0;57;0
0;28.6;1.5;3;91;0
0;36.25;0;3;165;35
0;0.44;0;0;0;5
0;0;0;0;0;0
1;77.56;19.25;78;438;0
0;0;0;0;0;0
0;0;0;0;0;0
0;0;0;0;0;0
0;0;0;0;0;0
643;86.57;503.57;654;702;73
0;23.52;0;0;102;3
0;355.04;7;10;1283;1762
0;0;0;0;0;0
0;0;0;0;0;0
0;0;0;0;0;0
0;0;0;0;0;0
0;0;0;0;0;0
0;45.63;0;0;136;12
0;0;0;0;0;0
0;0;0;0;0;0
0;0;0;0;0;0
0;0;0;0;0;0
0;0;0;0;0;0
0;2.91;0;0;0;0
0;0;0;0;0;0
0;0;0;0;0;0
0;2.23;3.83;17;38;1
0;0;0;0;0;0
0;0;0;0;0;0
0;0.02;0;0;2;0
0;0;0;0;0;0
0;0;0;0;0;0
0;0;0;0;0;0
0;0;0;0;0;0
0;0;0;0;0;0
0;9.64;0;0;1;0
0;0;0;0;0;0
0;0.51;1.25;5;5;0
0;43.35;0;0;7;0
0;0;0;0;0;0
5;62.1;13.66;17;22;2
0;0;0;0;0;0
0;0;0;0;0;0
0;0;0;0;0;0
0;5.17;0;0;3;0
0;0;0;0;0;0
0;6.69;0;0;15;0
0;0;0;0;0;0
0;0;0;0;0;0
0;0;0;0;0;0
0;0.18;0;0;9;1
0;0;0;0;0;0
0;0;0;0;0;0
0;0;0;0;0;0
0;0;0;0;0;0
3;83.25;30.05;113;560;610
0;0;0;0;0;0
0;7.72;1.5;8;17;0
1;13.2;0;0;60;0
0;0;0;0;0;0
0;0;0;0;0;0
0;0;0;0;0;0
0;2.23;0;0;0;0
67;149.82;0;13;483;4
0;0;0;0;0;0
25;234.17;5.25;70;561;742
0;1.5;0;0;1;0
0;0;0;0;0;0
0;0;0;0;0;0
0;0;0;0;0;0
0;4.06;0;0;2;0
0;0;0;0;0;0
0;15.75;0;0;11;0
0;0;0;0;0;0
0;10.64;0;0;47;0
0;60.22;0;0;12;0
0;157.87;0;0;630;0
0;0;0;0;0;0
0;0;0;0;0;0
94;72.79;2.5;10;236;64
0;0;0.08;1;0;0
0;41.36;0.25;2;69;1
0;0;0;0;0;0
0;38.96;0;0;2;1
0;0;0;0;0;0
0;0;0;0;0;0
0;0;0;0;0;0
0;0;0;0;0;0
0;0;0;0;0;0
0;0;0;0;0;0
0;0;0;0;0;0
0;10.5;0;0;5;0
0;0;0;0;0;0
0;0;0;0;0;0
0;0.28;0;7;6;0
0;0.17;0;0;6;0
0;0;0;0;0;0
15;32.15;0;0;0;3
0;0;0;0;0;0
0;0;0;0;0;0
0;0;0;0;0;0
0;0;0;0;0;0
0;1.27;0;0;6;0
1534;366.69;298.55;1399;2848;582
0;42.61;0;0;0;0
0;0;0;0;0;0
0;2.46;0;0;0;0
0;0;0;0;0;0
0;0;0;0;0;0
0;0;0;0;0;0
26;2.82;0.32;18;28;16
34;206.04;7.75;8;38;8
0;0;0;0;0;0
0;0;0;0;0;0
0;0;0;0;0;0
1365;607.27;3182.77;1596;2492;1697
949;262.56;181.9;939;2107;1741
451;123.99;46.25;133;282;684
0;0;0;0;0;0
0;0.46;0.17;2;3;14
0;0;0;0;0;0
0;0;0;0;0;0
2;9.5;0;1;9;0
0;0;0;0;0;0
0;0;0;0;0;0
0;0;0;0;0;0
0;0;0;0;0;0
0;46.6;1.75;4;238;8
122;27.53;18.58;134;289;164
0;0;0;0;0;0
0;0.13;0;0;0;1
0;0;0;0;0;0
0;0;0;0;0;0
0;0;0;0;0;0
0;14.93;0;0;46;156
0;0;0;0;0;0
0;14.59;0;0;1;0
0;0;0;0;0;0
0;4.78;0;0;5;25
0;0;0;0;0;0
0;0.27;0;5;6;0
0;0;0;0;0;0
0;0;0;0;0;0
0;0;0;0;0;0
0;1.05;0;0;4;0
150;198.7;1;2;519;7
0;285.73;1.5;2;353;41
0;0;0;0;0;0
0;0;0;0;0;0
0;0;0;0;0;0
0;0;0;0;0;0
0;0;0;0;0;0
0;0;0;0;0;0
0;15.76;0;0;6;3
7;0.01;0;2;1;0
0;0;0;0;0;0
0;0;0;0;0;0
0;0;0;0;0;0
0;0;0;0;0;0
0;0;0;0;0;0
0;0;0;0;0;0
0;0;0;0;0;0
30;74.36;19.75;163;392;892
0;0;0;0;0;0
223;90.81;12.75;51;441;169
334;264.7;206.06;324;766;660
0;0;0;0;0;0
0;6.2;0;0;2;0
0;83.91;0;1;282;3
0;0;0;0;0;0
0;0;0;0;0;0
0;7.06;0;0;0;25
0;0;0;0;0;0
0;0.09;0;0;9;0
0;0;0;0;0;2
0;0;0;0;0;0
0;0;0;0;0;0
104;146.24;16.27;122;819;159
399;203.23;3.75;15;858;152
0;0;0;0;0;0
0;45.63;0;0;136;12
0;13.66;0;0;13;0
0;0;0;0;0;0
0;0;0;0;0;0
0;4.11;0;0;2;0
0;0;0;0;0;0
0;0;0;0;0;0
0;103.6;0;0;487;0
0;0.02;0;0;0;5
0;0;0;0;0;0
43;9.89;1.42;30;111;35
0;6.15;0;0;3;0
0;0;0;0;0;0
0;0;0;0;0;0
0;0;0;0;0;0
0;0;1;5;1;0
0;0.06;0;0;2;0
1654;237.54;311.05;1446;1590;1620
0;0;0;0;0;0
0;0;0;0;0;0
0;1.99;0;0;5;0
14;110.38;8.5;7;22;122
0;3.43;0;0;5;0
0;0;0;0;0;0
0;4.7;0;0;0;0
171;68.08;34.67;149;474;113
0;0;0;0;0;0
0;0;0;0;0;0
0;0;0;0;0;0
0;0;0;0;0;0
0;0;0;0;0;0
0;1.64;0;0;4;0
0;0;0;0;0;0
0;17.37;0;0;5;157
0;0;0;0;0;0
0;72.54;0;0;0;0
0;0.54;0;0;5;0
0;0;0;0;0;0
0;1.02;0;0;0;5
0;0.59;0;2;5;0
0;0.02;0;0;5;0
0;58.79;0;0;87;137
0;0;0;0;0;1
0;0;0;0;0;0
0;0;0;0;0;0
0;0;0;0;0;0
0;1.5;0;0;1;0
0;0;0;0;0;0
0;13.87;0;0;45;158
0;0;0;0;0;0
0;0;0;0;0;0
0;0;0;0;0;0
0;0;0;0;0;0
0;0;0;0;0;0
0;0;0;0;0;0
0;2.72;0;0;1;0
0;0.25;0;0;3;0
0;209.18;0;0;372;76
0;0;0;0;0;0
1;0;0;4;0;0
0;0;0;0;0;0
0;1.15;0;0;1;3
0;5.79;0;0;18;24
0;14.83;0;0;27;1
0;0;0;0;0;0
0;6.22;0;0;32;35
0;0;0;0;0;0
0;52.46;0;0;3;0
0;14.83;0;0;27;1
0;0;0;0;0;0
0;67.03;0;0;128;81
0;28.83;0;16;162;29
0;15.71;0;0;5;9
0;0;0;0;0;0
0;0;0;0;0;0
0;0;0;0;0;0
0;8.99;9.75;16;7;34
0;46.41;0;0;28;0
0;0;0;0;0;0
0;1.55;0;0;7;0
0;0;0;0;0;0
0;0;0;0;0;0
0;0;0;0;0;0
0;0;0;0;0;0
0;152.96;37.5;40;291;0
0;56.17;0;1;5;0
0;0;0;0;0;0
0;1.5;0;0;1;0
6;9.16;8.5;21;16;17
0;0;0;0;0;0
0;3.3;0;0;1;17
0;0;0;0;0;0
0;17.73;0;0;1;0
0;0;0;0;0;0
0;0;0;0;0;0
0;0;0;0;0;0
5;0.69;0;0;0;12
0;0;0;0;0;0
1;37.46;5;4;74;10
0;84.6;0;0;243;0
0;0;0;0;0;0
0;3.14;0;0;16;0
0;267.64;0;31;629;168
0;0;0;0;0;0
6;4.05;2.84;36;54;9
0;90.5;0;0;238;4
0;0;0;0;0;0
0;0;0;0;0;0
0;0;0;0;0;0
0;0;0;0;0;0
0;0;0;0;0;0
0;0;0;0;0;0
0;0;0;0;0;0
0;28.83;0;16;162;29
0;0;0;0;0;0
0;0;0;0;0;0
0;0.78;0;0;0;13
0;2.65;0;0;1;0
1022;438.58;200.5;895;1393;1480
0;2.89;0;0;0;0
0;0.07;0;1;5;0
0;0;0;0;0;0
0;2;0;0;1;0
0;0;0;0;0;0
0;10.09;0;0;35;0
0;0;0;0;0;0
0;13.64;0;0;3;0
0;1.69;0;0;0;0
0;0;0;0;0;0
0;0;0;0;0;0
0;0;0;0;0;0
0;0;0;0;0;0
0;0;0;0;0;0
0;0;0;0;0;0
0;0;0;0;0;0
0;0;0;0;0;0
0;5.46;0;0;0;0
0;0;0;0;0;0
0;0;0;0;0;0
0;0;0;0;0;0
0;0;0;0;0;0
0;0;0;0;0;0
0;0;0;0;0;0
0;0;0;0;1;0
0;2.65;0;0;1;0
0;0;0;0;0;0
0;0.3;0;0;4;0
0;0;0;0;0;0
0;0;0;0;0;0
0;0;0;0;0;0
0;4.12;0;0;0;0
0;0;0;0;0;0
0;45.63;0;0;136;12
0;54.22;0;0;181;0
0;0;0;0;0;0
0;87.55;0;0;106;1
0;0;0;0;0;0
0;0;0;0;0;0
0;0;0;0;0;0
0;2.63;0;0;0;0
0;0;0;0;0;0
0;0.19;0;0;4;0
37;40.92;14;11;18;21
0;0;0;0;0;0
0;0;0;0;0;0
0;13.73;0;0;2;0
0;0;0;0;0;0
0;0;0;0;0;0
0;0;0;0;0;0
0;0;0;0;0;0
0;7.17;0;0;2;0
0;0;0;0;0;0
0;0;0;0;0;0
669;219.51;135.58;464;841;1240
0;0;0;0;0;0
0;0;0;0;0;0
0;0;0;0;0;0
0;0;0;0;0;0
0;30.04;0;0;17;176
0;0;0;0;0;0
0;0.26;0;0;0;1
0;30.6;0;0;2;38
0;0.25;0;0;1;0
0;0;0;0;0;0
0;0;0;0;0;0
0;0;0;0;0;0
0;28.35;0;0;6;0
0;0;0;0;0;0
0;0;0;0;0;0
0;0;0;0;0;0
1;14.21;0;1;60;1
0;1.64;0;0;0;0
0;10.98;0;0;0;0
0;0;0;0;0;0
90;105.97;17.68;123;522;273
0;4.91;0;0;1;4
0;0;0;0;0;0
0;1.07;0;0;5;0
69;31.99;2;2;2;8
94;20.69;17.75;77;215;219
0;0;0;0;0;0
332;155.58;0;0;771;112
0;0;0;0;0;0
0;2.5;0;0;1;0
0;12.39;0;0;22;6
0;0;0;0;0;0
0;0;0;0;0;0
0;7.72;1.5;8;17;0
0;0;0;0;0;0
0;0;0;0;0;0
0;10.38;0;0;6;14
481;89.5;55.96;280;751;670
0;0.01;0;0;1;0
0;0;0;0;0;0
0;0;0;0;0;0
0;2.57;0;0;1;0
0;0;0;0;0;0
0;5.84;0;0;2;0
0;0.17;0.13;9;28;0
0;121.97;3.5;4;24;4
0;0;0;0;0;0
0;5.14;0;0;5;0
0;0;0;0;0;0
26;6.51;1.75;105;135;0
0;1.35;0;0;0;0
0;0;0;0;0;0
0;0;0;0;0;0
0;0;0;0;0;0
0;8.42;0;0;7;0
0;0;0;0;0;0
0;1.07;0;0;4;0
0;9.77;0;0;1;0
0;0;0;0;0;0
0;0;0;0;0;0
0;10.8;0;0;87;0
0;8;0;0;0;0
0;1.81;0;0;0;0
0;0;0;0;0;0
0;38.07;0;0;157;43
0;0;0;0;0;0
0;1.08;0;0;5;0
0;0;0;0;0;0
2;20.69;0;2;380;2
0;3.62;0;0;1;0
0;0;0;0;0;0
1;280.15;3.25;10;437;8
0;0;0;0;0;0
0;0;0;0;0;0
0;0;0;0;0;0
0;27.33;0;0;3;0
0;0;0;0;0;0
7;0;0;0;0;2
0;0;0;0;0;0
0;0;0;0;0;0
0;0;0;0;0;0
0;14.83;0;0;27;1
5;3.25;0;0;11;20
0;36.88;0;0;21;0
0;5.9;0;0;1;0
2;2.29;0.17;17;93;0
5;38.73;0;0;36;45
0;1.02;0;0;5;0
0;0;0;0;0;0
0;0;0;0;0;0
0;2.73;0;0;1;0
0;0;0;0;0;0
0;0;0;0;0;0
0;15.79;0;0;127;0
0;0;0;0;0;0
1952;184.76;228.3;1137;1306;1248
0;0;0;0;0;0
0;0;0;0;0;0
0;0;0;0;0;0
0;0;0;0;0;0
0;0;0;0;0;0
0;2.01;0;0;0;3
1568;203.34;454.91;1063;1715;816
0;5;0;0;32;0
0;0;0;0;0;0
0;9.4;0;0;32;0
0;0;0;0;0;0
0;0;0;0;0;0
0;0;0;0;0;0
0;0.04;0.08;1;12;0
0;36.2;0.75;1;20;9
0;6.91;0;0;3;0
0;13.8;0;0;4;0
1;160.75;43.5;259;578;837
0;0;0;0;0;0
0;0;0;0;0;0
0;0;0;0;0;0
0;84.57;1.5;13;414;111
0;35.25;0.33;37;262;1
0;0;0;0;0;0
0;0.06;0;0;5;0
0;5.61;0;0;9;0
0;0;0;4;0;0
71;15.11;0;1;1;46
0;0.77;0;0;6;0
0;41.81;0;0;1;0
0;0.02;0;0;0;7
0;0;0;0;0;0
0;0;0;0;0;0
0;0;0;0;0;0
0;0;0;0;0;0
0;0;0;0;0;0
0;9.18;0;0;51;2
0;0;0;0;0;0
0;6.18;0;0;80;0
0;0;0;0;0;0
0;0;0.08;1;0;0
0;0;0;0;0;0
0;0;0;0;0;0
0;0;0;0;0;0
0;0;0;0;0;0
0;0;0;0;0;0
0;12.39;0;0;22;6
0;0;0;0;0;0
0;0;0;0;0;0
0;2.48;0;0;3;6
0;0;0;0;0;0
0;0;0;0;0;0
0;0;0;0;0;0
0;0;0;0;0;0
0;0;0;0;0;0
0;127.64;6.58;23;23;30
0;0;0;0;0;0
0;0;0;0;0;0
0;0;0;0;0;0
0;96.97;0;0;115;0
0;0;0;0;0;0
0;0.74;0;6;12;0
0;0;0;0;0;0
331;33.19;3.67;131;332;264
0;0;0;0;0;0
0;0;0;0;0;0
5;42.12;0;0;12;20
0;1.02;0;0;7;0
0;0;0;0;0;0
0;0;0;0;0;0
0;172.57;0;2;150;0
0;0;0;0;0;0
0;0;0;0;0;0
0;0;0;0;0;0
0;26.07;0;0;73;187
0;0.02;0;0;2;0
0;0;0;0;0;0
0;0;0;0;0;0
0;1.02;0;0;2;0
0;145.86;0;0;1086;4
0;0;0;0;0;0
9;6.71;1.98;11;129;2
0;0;0;0;0;0
51;48.85;12.91;45;163;184
0;0;0;0;0;0
0;0.26;0;0;6;0
0;0;0;0;0;0
0;0;0;0;0;0
0;0;0;0;0;0
0;22.71;0;0;1;0
0;0;0;0;0;0
0;7.43;0.5;14;68;46
0;0;0;0;0;0
0;0;0;0;0;0
0;28.83;0;16;162;29
0;0;0;0;0;0
0;17.79;0;0;1;0
0;0;0;0;0;0
0;0;0;0;0;0
0;0;0;0;0;0
0;0;0;0;0;0
0;4.14;0;0;12;7
0;199.64;0;1;162;0
0;0;0;0;0;0
0;0;0;0;0;0
0;0;0;0;0;0
0;21.94;0;1;6;0
209;75.27;26;93;211;770
0;0;0;0;0;0
4;11.27;0;0;18;13
0;0;0;0;0;0
0;0;0;0;0;0
0;0;0;0;0;0
971;141.39;212;844;1630;876
0;303.42;0;0;1555;0
0;45.49;0;0;0;0
0;0;0;0;0;0
0;0;0;0;0;0
60;279.18;19.33;35;394;102
0;70.15;0.75;2;11;1
0;0;0;0;0;0
0;0;0;0;0;0
0;0;0;0;0;0
0;0;0;0;0;0
0;0;0;0;0;0
0;0;0;0;0;0
0;0;0;0;0;0
0;0;0;0;0;0
0;2.29;0;0;8;2
0;0;0;0;0;0
0;0;0;0;0;0
0;0;0;0;0;0
0;13.03;0;0;24;1
0;3.08;0;0;23;0
0;0;0;0;0;0
0;0;0;0;0;0
0;3.65;0;3;19;0
0;0;0;0;0;0
0;0;0;0;0;0
0;0;0;0;0;0
0;0;0;0;0;0
0;4.4;0;0;0;6
1;293.57;0;0;481;13
0;29.67;0;0;92;3
0;0;0;0;0;0
0;0;0;0;0;0
0;0;0;0;0;0
0;0;0;0;0;0
0;0;0;0;0;0
0;0;0;0;0;0
0;0;0;0;0;0
0;0;0;0;0;0
0;0;0;0;0;0
17;109.35;0.25;5;191;3
0;2.23;0;0;1;0
0;0;0;0;0;0
0;0;0;0;0;0
0;39.67;2;1;6;0
0;0;0;0;0;0
0;0;0;0;0;0
0;0;0;0;0;0
0;0;0;0;0;0
0;0;0;0;0;0
0;0;0;0;0;0
0;3.87;0.92;8;6;48
0;0;0;0;0;0
0;3.18;0;0;0;0
0;0;0;0;0;0
0;0;0;0;0;0
0;0;0;0;0;0
0;27.09;3.75;6;64;9
0;0;0;0;0;0
0;0;0;0;0;0
0;26.98;0;0;0;0
0;10.67;0;0;36;12
0;8.24;0.25;3;2;119
1331;407.06;446.8;1367;1917;2074
232;7.03;0.03;1;13;12
0;0;0;0;0;0
0;2.22;0;0;0;0
0;0;0;0;0;0
2;36.58;0;0;20;317
0;0;0;0;0;0
0;14.83;0;0;27;1
0;0;0;0;0;0
0;0.25;0;0;1;0
0;0;0;0;0;0
0;0;0;0;0;0
0;0.3;0;1;7;0
0;0;0;0;0;0
230;88.02;206.58;262;997;584
0;0;0;0;0;0
0;6.56;0;0;0;0
0;0;0;0;0;0
0;0;0;0;0;0
0;0;0;0;0;0
52;29.59;91.17;202;174;82
0;0;0;0;0;0
0;1.35;0;0;0;0
0;0;0;0;0;1
0;0;0;0;0;0
0;0;0;0;0;0
0;9.76;0;0;0;0
6;0.67;1.5;6;6;14
8;260.23;12.08;144;1596;48
0;0;0;0;0;0
0;102.21;107.43;114;539;0
0;0.64;0;0;5;0
0;2.97;0;0;0;0
0;0;0;0;0;0
0;0;0;0;0;0
0;0;0;0;0;0
0;0;0;0;0;0
0;0;0;0;0;0
0;0;0;0;0;0
0;0;0;0;0;0
0;0;0;0;0;0
0;0;0;0;0;0
0;2.23;0;1;0;12
0;0;0;0;0;0
0;0;0;0;0;0
5;212.61;5.5;6;984;33
0;0;0;0;0;0
0;0;0;0;0;0
0;27.83;2.6;6;166;0
0;42.93;0;0;256;23
0;0;0;0;0;0
0;88.94;1;1;126;3
0;0;0;0;0;0
0;0;0;0;0;0
0;75.63;0;0;3;0
0;2.53;0;0;0;22
0;89.68;0;0;34;0
0;0.01;0;0;5;0
1;80.77;14.48;65;1170;101
0;0;0;0;0;0
72;32.42;1;1;9;0
0;0;0;0;0;0
9;11.29;1.15;5;183;1
0;0;0;0;0;0
0;100.31;0;0;706;0
0;2.22;0;0;0;0
0;8.37;0;0;23;0
0;0;0;0;0;0
0;0;0;0;0;0
0;0;0;0;0;0
0;0;0;0;0;0
0;7.72;0;0;3;0
0;0;0;0;0;0
0;0;0;0;0;0
0;85.82;0;1;247;2
0;0;0;0;0;0
0;0;0;0;0;0
0;45.63;0;0;136;12
0;0;0;0;0;0
0;0;0;0;0;0
0;42.03;0;4;104;43
0;0;0;0;0;0
0;0;0;0;0;0
0;0;0;0;0;0
0;12.87;0;0;35;0
0;0;0;0;0;0
0;0;0;0;0;0
0;0.14;0;0;16;0
0;0;0;0;0;0
0;0;0;0;0;0
0;0.33;0;0;1;0
0;16.66;0;1;1;0
0;0;0;0;0;0
1945;259.87;728.43;1160;1618;1461
0;0;0;0;0;0
0;0;0;0;0;0
0;0;0;0;0;0
0;0;0;0;0;0
0;91.79;0;0;92;0
0;44.49;0;0;2;0
0;0;0;0;0;0
0;4.16;0;0;3;0
16;228.91;39.09;38;728;62
0;9.57;0;0;0;1
0;0;0;0;0;0
0;0;0;0;0;0
0;0;0;0;0;0
0;0;0;0;0;0
0;0;0;0;0;0
0;13.7;0;0;0;0
0;0;0;0;0;0
0;0;0;0;0;0
0;0;0;0;0;0
0;19.43;0;0;138;0
12;19.35;3.95;17;202;22
0;20.61;0;0;13;0
102;63.33;2.41;56;1006;111
0;0;0;0;0;0
0;0;0;0;0;0
26;64.13;23.67;78;167;558
0;1.35;0;0;0;0
0;0;0;0;0;0
0;0.28;0;0;1;1
0;0;0;0;0;0
3;43.46;2.5;6;37;73
0;81.99;6;3;52;2
0;0;0;0;0;0
356;57.6;36.28;220;161;778
0;0;0;0;0;0
0;0;0;0;0;0
14;67.68;1.33;7;222;10
0;0;0;0;0;0
0;0.5;0;0;1;0
0;0;0;0;0;0
86;240.64;57.25;137;1630;788
0;0;0;0;0;0
8;5.06;0.52;37;65;0
0;4.15;0;0;2;0
0;0;0;0;0;0
0;0;0;0;0;0
0;0;0;0;0;0
586;126.28;136.38;538;1018;767
0;0;0;0;0;0
0;0;0;0;0;0
0;0;0;0;0;0
0;0;0;0;0;0
0;11.29;0;0;4;1
0;0;0;0;0;0
0;0;0;0;0;0
0;0;0;0;0;0
0;0;0;0;0;0
0;19.43;0;0;138;0
2;26.5;0.5;2;67;0
0;55.64;0;0;2;0
0;0;0;0;0;0
0;0;0;0;0;0
0;0;0;0;0;0
0;2;0;0;1;0
0;4.91;0;0;1;4
0;0;0;0;0;0
0;43.86;0;6;23;2
0;1.99;0.17;7;27;1
0;0;0;0;0;0
0;1.21;0;0;0;0
0;0;0;0;0;0
0;0;0;0;0;0
0;48.35;0;0;0;232
0;0;0;0;0;0
0;0;0;0;0;0
0;2.04;0;0;5;0
0;0;0;0;0;0
0;0.41;0;0;0;4
0;0;0;0;0;0
0;2.07;0;0;7;13
0;9.94;0;0;52;0
0;74.31;0;0;1;0
0;0.06;0;0;3;0
0;11.64;0;1;4;0
0;2.01;0;0;9;0
0;1;0;0;1;0
20;27.5;10.25;42;230;47
0;0;0;0;0;0
0;0;0;0;0;0
0;0;0;0;0;0
0;0.85;0;0;9;2
0;0;0;0;0;0
0;0;0;0;0;0
353;73.85;10.65;222;347;487
36;28.67;13.25;23;230;93
0;2.19;0;0;0;0
0;0;0;0;0;0
125;73.32;4.92;70;1193;79
0;3.66;0;0;1;0
0;0;0;0;0;0
0;0;0;0;0;0
0;0;0;0;0;0
0;0;0;0;0;0
0;0;0;0;0;0
0;7.34;0;0;7;0
0;1.16;0;0;3;0
0;0;0;0;0;0
0;0;0;0;0;0
0;2.46;0;0;1;0
7;0;0;0;0;0
0;0;0;0;0;0
0;0;0;0;0;0
0;0.21;0;0;0;1
0;0;0;0;0;0
0;33.55;0;0;1;450
0;0;0;0;0;0
0;0.03;0.5;2;2;0
0;0;0;0;0;0
0;0;0;0;0;0
0;11.19;0;0;4;0
0;43.86;0;6;23;2
0;0;0;0;0;0
14;197.11;18.38;18;216;29
0;51.82;0;19;243;3
0;0;0;0;0;0
0;0;0;0;0;0
0;7.65;0;0;1;0
0;0;0;0;0;0
0;0;0;0;0;0
0;85.54;0;0;100;1
0;104.81;0;0;95;12
0;0;0;0;0;0
0;0;0;0;0;0
0;0;0;0;0;0
0;0;0;0;0;0
35;11.57;46.9;30;46;52
0;0;0;0;0;0
0;0;0;0;0;0
0;0;0;0;0;0
0;1.61;0;0;0;7
0;0;0;0;0;0
0;0;0;0;0;0
0;35.77;0;0;88;1
0;2.65;0;0;1;0
4;46.89;1;2;28;0
0;0;0;0;0;0
0;26.23;0;0;2;0
1;31.65;0;0;27;54
0;81.99;6;3;52;2
0;0.27;0;0;5;0
0;67.03;0;0;292;0
1;29.68;0;0;7;47
0;0;0;0;0;0
0;0;0;0;0;0
0;0;0;0;0;0
33;35.39;0.83;5;271;12
0;0;0;0;0;0
0;3.36;0;0;0;35
0;112.04;0;0;160;1
0;43.08;6;2;0;42
0;0;0;0;0;0
1;174.41;0.25;2;604;21
0;0;0;0;0;0
0;0;0;0;0;0
0;0;0;0;0;0
0;73.08;0;0;101;10
0;0;0;0;0;0
0;0.1;0;0;5;0
0;0;0;0;0;0
0;0;0;0;0;0
0;0;0;0;0;0
0;2.05;0;0;0;0
0;0;0;0;0;0
1465;382.68;506.67;1322;2593;2405
0;0;0;0;0;0
0;0;0;0;0;0
0;0.44;0;0;0;5
0;0;0;0;0;0
0;4.11;0;0;2;0
0;0;0;0;0;0
0;0;0;0;0;0
0;6.5;0;0;63;0
0;0;0;0;0;0
0;1.26;0;0;15;0
0;0;0;0;0;0
1;4.98;5.08;25;129;0
0;0;0;0;0;0
0;14.83;0;0;27;1
0;2;0;0;2;0
0;0;0;2;0;0
0;0;0;0;0;0
0;0;0;0;0;0
0;19.43;0;0;138;0
0;203.61;0;0;198;6
0;8.67;0;16;38;0
0;0;0;0;0;0
0;0;0;0;0;0
0;0;0;0;0;0
0;0;0;0;0;0
0;0;0;0;0;0
0;0;0;0;0;0
0;0;0;0;0;0
0;19.75;0;0;16;0
0;0;0;0;0;0
0;0;0;0;0;0
0;0;0;0;0;0
0;0;0;0;0;0
0;0;0;0;0;0
0;0;0;0;0;0
0;4.73;0;0;0;0
0;0;0;0;0;0
0;0;0;0;0;0
0;0;0;0;0;0
0;0;0;0;0;0
0;0;0;0;0;0
0;1.5;0;0;1;0
0;0;0;0;0;0
148;174.59;0;1;597;27
17;119.25;0;85;457;445
0;1.36;0;0;0;0
0;0;0;0;0;0
0;0;0;0;0;0
0;0;0;0;0;0
0;0;0;0;0;0
0;0;0;0;0;0
0;0;0;0;0;0
0;0;0;0;0;0
0;393.51;0;0;1072;224
0;0;0;0;0;0
0;0;0;0;0;0
0;0;0;0;0;0
790;274.76;193.5;753;1739;1631
0;2.37;0;0;1;0
0;0;0;0;0;0
0;0;0;0;0;0
277;102.78;42.69;139;658;523
0;0;0;0;0;0
0;10.08;0;1;24;0
0;7.79;0;0;12;0
0;0;0;0;0;0
0;0;0;0;0;0
0;0;0;0;0;0
0;0;0;0;0;0
0;0;0;0;0;0
0;0;0;0;0;0
0;0;0;0;0;0
0;0;0;0;0;0
0;0;0;0;0;0
0;19.43;0;0;138;0
0;31.55;0;0;63;0
0;0;0;0;0;0
0;0;0;0;0;0
0;0.07;0;0;8;0
0;0;0;0;0;0
0;49.08;0;0;9;1
0;0;0;0;0;0
0;0;0;0;0;0
0;54.22;0;0;181;0
0;0;0;0;0;0
0;4.14;0;0;0;0
0;14.83;0;0;27;1
0;0;0;0;0;0
0;0;0;0;0;0
0;13.97;0;0;3;0
0;0;0;0;0;0
0;0;0;0;0;0
0;0;0;0;0;0
0;0;0;0;0;0
87;49.07;1.41;67;818;105
0;1.56;24.43;51;96;2
0;0;0;0;0;0
0;1.54;0;0;2;0
0;0;0;0;0;0
0;50.89;0;5;355;2
0;0;0;0;0;0
0;0;0;0;0;0
0;0;0;0;0;0
0;6.35;0;0;1;0
0;52.03;0;0;19;9
0;0;0;0;0;0
0;0;0;0;0;0
0;0;0;0;0;0
353;73.85;10.65;222;347;487
0;0;0;0;0;0
0;0;0;0;0;0
0;0;0;0;0;0
0;0;0;0;0;0
0;0;0;0;0;0
0;0;0;0;0;0
0;0;0;0;0;0
1;15.76;0;0;5;4
0;2.72;0;0;0;14
0;0;0;0;0;0
0;0;0;0;0;0
0;1.24;0;0;8;0
1;45.94;2;1;68;0
0;5.63;0;0;16;0
0;0;0;0;0;0
0;0;0;0;0;0
0;14.83;0;0;27;1
0;0;0;0;0;0
0;331.43;10.33;11;104;5
0;0;0;0;0;0
0;0;0;0;0;0
586;178.95;25.58;96;601;1292
0;0;0;0;0;0
0;0;0;0;0;0
0;0;0;0;0;0
0;0;0;0;0;0
0;0;0;0;0;0
5;20.42;0.03;6;347;4
0;0.26;0;1;5;0
0;0;0;0;0;0
0;0;0;0;0;0
0;0;0;0;0;0
0;0;0;0;0;0
0;0;0;0;0;0
0;1.81;1.5;6;35;0
0;55.58;0;0;558;0
0;2.21;0;0;10;0
2;11.67;0;3;80;11
0;71.51;0;0;25;0
0;0;0;0;0;0
0;0;0;0;0;0
0;0;0;0;0;0
0;1.82;0;0;0;0
0;0;0;0;0;0
0;35.9;0;0;26;0
0;0;0;0;0;0
0;0.54;0;0;4;0
0;0;0;0;0;0
7;17.9;0;1;1;4
0;0;0;0;0;0
0;14.83;0;0;27;1
0;3.12;0;0;0;2
0;17.24;0;0;398;0
0;0;0;0;0;0
0;0;0;0;0;0
0;0;0;0;0;0
0;0;0;0;0;0
1841;277.02;282.47;1280;1538;2302
0;0;0;0;0;0
0;7.6;0;0;88;0
0;0;0;0;0;0
0;0;0;0;1;0
0;0;0;0;0;0
0;0;0;0;0;0
0;0.02;0;0;2;0
0;0;0;0;0;0
0;0;0;0;0;0
45;20.96;12.08;45;192;188
0;0;0;0;0;0
18;8.62;3.5;44;89;0
0;0;0;0;0;0
31;141.03;11.25;16;24;162
0;4.25;0;0;119;0
0;4.55;0;2;4;0
0;59.3;0;0;183;0
0;0;0;0;0;0
0;0;0;1;0;0
0;0;0;0;0;0
0;0;0;0;0;0
0;0;0;0;0;0
0;0;0;0;0;0
0;181.38;0;0;211;0
5;0;0;0;0;0
0;0.12;0.5;6;10;0
0;0;0;0;0;0
0;0;0;0;0;0
0;0;0;0;0;0
0;0;0;0;0;0
0;0;0;0;0;0
0;0.2;0;0;0;23
0;0;0;0;0;0
0;0;0;0;0;0
389;233.47;0.67;11;924;64
0;0;0;0;0;0
0;0;0;0;0;0
0;0.02;0;0;0;0
0;7.86;2.32;45;279;6
0;0;0;0;0;0
0;0;0;0;0;0
0;0;0;0;0;0
0;0;0;0;0;0
0;0;0;0;0;0
0;7.29;0;0;14;0
0;0;0;0;0;0
0;0;0;0;0;0
0;28.79;0;1;167;60
0;0;0;0;0;0
0;6.3;14.5;50;177;77
0;0;0;0;0;0
0;0;0;0;0;0
0;0;0;0;0;0
0;0;0;0;0;0
0;1.52;0;0;0;0
0;0;0;0;0;0
0;0;0;0;0;0
0;28.26;0;0;7;1
583;101;22.15;374;336;739
0;95.91;6.08;19;137;806
0;0;0;0;0;0
0;0;0;0;0;0
0;0;0;0;0;0
0;0;0;0;0;0
0;0;0;0;0;0
0;0;0;0;0;0
0;20.91;0;0;7;0
0;0;0;0;0;0
0;0;0;1;0;0
15;37.69;4.42;38;499;105
0;10.35;0;2;55;0
0;0;0;0;0;0
0;0;0;0;0;0
0;0;0;0;0;0
0;0;0;0;0;0
0;6.69;0;1;22;0
0;12;0;0;7;0
0;0;0;0;0;0
0;1.5;0;0;1;0
0;0;0;0;0;0
0;82.04;0;0;0;0
0;0;0;0;2;0
0;0;0;0;0;0
0;0;0;0;0;0
0;1.96;0;1;0;37
0;0;0;0;0;0
0;0;0;0;0;0
0;0;0;0;0;0
0;9.4;0;0;32;0
0;2.92;0;0;0;1
0;0;0;0;0;0
0;41.5;0;0;86;0
0;64.26;0;0;165;0
0;3.5;0;0;2;0
0;0;0;0;0;0
0;0;0;0;0;0
12;0;0;0;0;0
0;0;0;0;0;0
0;70.06;0;1;1;0
7;89.25;0.5;1;45;57
0;0;0;0;0;0
0;0;0;0;0;0
0;31.49;0;0;0;0
0;0;0;0;0;0
94;20.69;17.75;77;215;219
0;1.84;0;0;0;0
6;0.06;0;0;5;0
0;0;0;0;0;0
0;0;0;0;0;0
10;72.59;0.15;3;378;4
0;95.08;0;1;60;7
0;0;0;0;0;0
46;106.81;41;42;160;66
0;2.62;0;0;0;0
0;0;0;0;0;0
0;0;0;0;0;0
0;0;0;0;0;0
0;0;0;0;0;0
0;0;0;0;0;0
0;6.28;0;0;2;1
0;0;0;0;0;0
0;0;0;0;0;0
0;0;0;0;0;0
116;79.62;60.5;116;303;91
0;0;0;0;0;0
0;0;0;0;0;0
0;0;0;0;0;0
0;0;0;0;0;0
0;0;0;0;0;0
0;0;0;0;0;0
0;0;0;0;0;0
0;6.16;0;0;0;0
0;3.97;0;0;5;0
0;6.23;0;0;97;2
0;0;0;0;0;0
0;2.19;0;0;1;0
0;0;0;0;0;0
0;0;0;0;0;0
0;0;0;0;0;2
0;0;0;0;0;0
0;0;0;0;0;0
0;19.43;0;0;1;0
0;4.36;0;1;42;0
0;0;0;0;0;0
1283;272.05;249.56;1039;1697;2404
0;64.93;0;0;2;0
0;0;0;0;0;0
0;0;0;0;0;0
0;1.75;0;0;2;1
0;0;0;0;0;0
0;0;0;0;0;0
0;0;0;0;0;0
0;0;0;0;0;0
7;0.02;0;1;7;0
1;89.12;0;3;71;65
1;34.66;1.25;18;216;7
6;4.42;0.84;4;80;0
0;0;0;0;0;0
0;0;0;0;0;0
0;0;0;0;0;0
1204;172.65;674.67;995;1873;1160
0;0;0;0;0;0
0;71.95;0;0;20;2
0;1.43;0;0;0;0
0;2.98;0;0;2;0
0;0;0;0;0;0
0;12.87;0;0;35;0
0;0;0;0;0;0
0;19.73;0;0;149;20
0;0;0;0;0;0
0;0;0;0;0;0
0;0;0;0;0;0
702;154.94;83.34;504;1439;1076
0;0;0;0;0;0
0;68.97;0;0;139;0
0;0;0;0;0;0
0;0;0;1;0;0
0;4.73;0;0;1;0
0;76.04;0;0;2;299
0;0;0;0;0;0
0;0;0;0;0;0
0;0;0;0;0;0
209;568.06;2.83;10;2563;23
0;28.83;0;16;162;29
0;0;0;0;0;0
0;0;0;0;0;0
0;18.03;0;0;0;0
0;0;0;0;0;0
0;81.99;6;3;52;2
0;58.81;0;0;1;0
0;0.34;0;1;2;3
8;63.96;2.5;18;125;155
0;0;0;0;0;0
0;170.9;0;1;972;1
0;0;0;0;0;0
0;0;0;0;0;0
0;8.06;0;0;35;0
0;0;0;0;0;0
0;1.51;0;0;3;0
0;0;0;0;0;0
0;36.13;0;0;3;0
0;0;0;0;0;0
88;69.94;12.17;8;83;117
0;0;0;0;0;0
0;0;0;0;0;0
0;10.66;0;0;9;0
0;0;0;0;0;0
0;1.5;0;0;32;0
0;13.6;0;0;2;0
0;0;0;0;0;0
0;45.63;0;0;136;12
0;0;0;0;0;0
0;27.53;0;0;10;0
0;324.77;0;0;1624;738
0;0;0;0;0;0
5;23.06;5.5;20;65;125
0;33.88;0;0;19;0
0;0;0;0;0;0
0;3.11;0;0;0;0
0;0;0;0;0;0
0;4.67;0;0;0;6
0;0;0;0;0;0
0;3.41;0;0;14;0
0;0;0;0;0;0
173;88.23;34.42;157;230;419
0;0;0;0;0;0
0;235.37;0;0;194;6
0;69.35;0;0;7;1
0;0;0;0;0;0
0;0;0;0;0;0
0;0;0;0;0;0
0;2.74;0;0;0;0
0;0;0;0;0;0
0;0;0;0;0;0
0;9.9;0;0;116;161
6;10.49;0;0;6;8
0;0;0;0;0;0
0;0;0;0;0;0
0;0;0;0;0;0
130;68.33;43.1;131;150;250
0;0;0;0;0;0
0;0;0;0;0;0
0;0;0;0;0;0
258;69.35;8.13;225;636;482
0;0;0;0;0;0
0;0;0;0;0;0
0;52.6;33.75;109;341;2
0;0;0;0;0;0
0;0;0;0;0;0
376;91.53;94.52;124;118;762
0;0;0;0;0;0
0;4.29;0;0;26;0
0;0;0;0;0;0
0;0;0;0;0;0
0;0;0;1;0;0
0;0;0;0;0;0
0;0;0;0;0;0
0;0;0;0;0;0
0;0;0;0;0;0
0;0;0;0;0;0
0;0;0;0;0;0
0;0;0;0;0;0
0;0;0;0;0;0
0;32.23;0;0;10;0
0;0;0;0;0;0
0;0;0;0;0;0
0;0;0;0;0;0
0;0;0;0;0;0
0;0;0;0;0;0
0;0;0;0;0;0
0;0;0;0;0;0
0;1.23;0;0;0;0
0;0;0;0;0;0
0;1.75;0;0;2;0
0;0;0;0;0;0
0;87.48;16.16;35;242;117
0;0;0;0;0;0
180;66.58;47.57;218;149;355
436;133.25;1;26;504;2
0;7.84;0;0;0;0
0;0;0;0;0;0
0;0;0;0;0;0
0;0;0;0;0;0
0;0;0;0;0;0
0;79.76;0;3;244;104
0;0;0;0;0;0
71;9.98;3.75;5;12;2
0;7.44;0;0;3;0
0;0;0;0;0;0
0;0;0;0;0;0
0;0;0;0;0;0
33;0.29;0;7;6;0
0;0;0;0;0;0
0;0;0;0;0;0
0;0;0;0;0;0
690;467.21;367.67;1436;1325;1549
0;0;0;0;0;0
0;0;0;0;0;0
0;0;0;0;0;0
1393;273.98;325.37;1218;1501;1160
0;2.41;0;0;0;3
0;0;0;0;0;0
0;0;0;0;0;0
0;0;0;0;0;0
0;0;0;0;0;0
0;0;0;0;0;0
0;0;0;0;0;0
0;0;0;0;0;0
0;12.2;0;0;41;146
0;0;0;0;0;0
0;7.58;0;0;3;0
0;0;0;0;0;0
0;22.58;0;0;10;0
37;74.05;35;127;219;429
0;0;0;0;0;0
0;0;0;0;0;0
0;0.01;0;0;3;0
0;0;0;0;0;0
0;107.25;0;0;125;0
0;0;0;0;0;0
0;0;0;0;0;0
0;0;0;0;0;0
0;0;0;0;0;0
0;0;0;0;0;0
0;27.15;0;0;122;0
0;0;0;0;0;3
0;0;0;0;0;0
0;0;0;0;0;0
0;0;0;0;0;0
0;0.5;0;0;1;0
0;189.76;0;0;1424;0
0;0;0;0;0;0
0;0;0;0;0;0
0;0;0;0;0;0
0;0;0;0;0;0
0;0;0;0;0;0
0;0;0;0;0;0
0;0;0;0;0;0
0;2.37;0;0;1;0
0;0;0;0;0;0
0;24.16;0;0;0;0
0;0;0.25;5;1;0
0;8.12;0;0;3;0
0;0;0;0;0;0
346;197.04;15.35;242;814;439
0;0;0;0;0;0
0;26.07;0;0;6;1
113;50.36;53.75;187;395;268
0;6.56;0;3;15;0
0;18.24;0;13;3;1
0;0;0;0;0;0
1055;434.11;742.42;1073;1246;1463
0;0;0;0;0;0
384;164.2;116.94;346;495;783
0;2;0;0;3;0
0;11;0;0;2;0
0;0;0;0;0;0
0;0;0;0;0;0
0;0;0;0;0;0
0;331.43;10.33;11;104;5
0;0;0;1;0;0
0;0;0;0;0;0
130;136.61;6.25;25;1293;102
0;0;0;0;0;1
0;0;0;0;0;0
0;0;0;0;0;0
13;30.47;0;11;237;442
0;0;0;0;0;0
0;11.89;0;0;1;0
0;0;0;0;0;0
0;0;0;0;0;0
0;0;0;0;0;0
0;0;0;0;0;0
0;0;0;0;0;0
0;0;0;0;0;0
0;0;0;0;0;0
0;0;0;0;0;0
0;0;0;0;0;0
0;0.01;0;0;4;0
0;0.16;0;0;0;0
0;0;0;0;0;0
0;0;0;0;0;0
0;0;0;0;0;0
0;0;0;0;0;0
0;26;0;0;80;8
0;42.43;0;0;203;0
0;0;0;0;0;0
0;2.18;0;0;0;0
0;0;0;0;0;0
0;0;0;0;0;0
0;2.05;0;0;0;0
0;14.54;0;0;11;62
0;0;0;0;0;0
0;0;0;0;0;0
0;1.44;0;0;1;0
0;0;0;0;0;0
0;0;0;0;0;0
0;0;0;0;0;0
0;0;0;0;0;0
0;0;0;0;0;0
0;77.3;20.05;41;532;0
0;4.83;0;0;72;0
3;0;0;1;0;0
0;0;0;0;0;0
0;4.81;0;0;0;33
0;9.56;1.5;6;36;11
780;52.82;24.39;227;826;795
0;25.81;0;0;1;0
0;0;0;0;0;0
0;0;0;0;0;0
0;0.36;0;0;0;5
401;102.06;103.75;272;106;829
12;41.86;29.75;62;58;198
9;169.25;1.25;4;15;1
0;0;0;0;0;0
0;0;0;0;0;0
15;1.56;0.22;17;19;20
0;0;0;0;0;0
0;0;0;0;0;0
0;78.7;0;0;551;3
0;0;0;0;0;0
0;18.94;0;1;3;0
0;0;0;0;0;0
0;0;0;0;0;0
0;0;0;0;0;0
0;0;0;0;0;0
0;0;0;0;0;0
0;0.01;0;0;5;0
178;81.43;1;10;17;11
0;7.58;0;0;10;0
0;0;0;0;0;0
0;0;0;0;0;0
0;0;0;0;0;0
0;0;0;0;0;0
0;0;0;0;0;0
0;0;0;0;0;0
0;0;0;0;0;0
0;0;0;0;0;0
0;62.12;3;5;30;0
0;0;0;0;0;0
0;28.34;0;0;0;0
0;0;0;0;0;0
0;0;0;0;0;0
0;0;0;0;0;0
0;0;0;0;0;0
0;0;0;0;0;0
0;29.8;0.33;3;211;1
0;0;0;0;0;0
0;1.35;0;0;33;1
0;0;0;0;0;0
0;0;0;0;0;0
0;0;0;0;0;0
0;2.58;0;0;0;0
0;7.7;0;0;1;0
40;7.81;0;0;1;0
0;0;0;0;0;0
0;2.57;0;0;8;0
0;2.81;0;0;10;0
0;30.91;0;0;0;0
0;0;0;0;0;0
295;418.66;0;0;1346;45
0;4.63;0;0;19;0
0;0;0;0;0;0
0;0;0;0;0;0
0;0;0;0;0;0
0;0;0.25;1;0;0
0;126.43;0;0;213;48
0;0;0;0;0;0
0;0;0;0;0;0
0;20.89;0;0;1040;0
0;0;0;0;0;0
0;0;0;0;0;0
1;16.62;9.63;10;52;35
0;0;0;0;0;0
0;0;0;0;0;0
0;0;0;0;0;0
2;10.78;0;0;214;0
0;39.04;0;0;228;330
0;0;0;0;0;0
0;33;2.25;4;21;22
0;15.45;0;0;4;59
0;0;0;0;0;0
0;0;0;0;0;0
0;0;0;0;0;0
0;0;0;0;0;0
39;0.4;0.18;23;2;2
0;66.83;0;0;160;0
0;0;0;0;0;0
0;0;0;0;0;0
0;0;0;0;0;0
0;0;0;0;0;0
221;121;66.56;301;295;985
